title:PVE列表-巅峰行动

// Whatchamacallit - 叫啥来着 (pve)
//notes: tags:pve
dimwishlist:item=149110926&perks=839105230,106909392,3828510309,3966416502
dimwishlist:item=149110926&perks=839105230,106909392,3828510309,4104185692
dimwishlist:item=149110926&perks=839105230,106909392,3828510309,2848615171
dimwishlist:item=149110926&perks=839105230,106909392,1888882410,3966416502
dimwishlist:item=149110926&perks=839105230,106909392,1888882410,4104185692
dimwishlist:item=149110926&perks=839105230,106909392,1888882410,2848615171
dimwishlist:item=149110926&perks=839105230,1087426260,3828510309,3966416502
dimwishlist:item=149110926&perks=839105230,1087426260,3828510309,4104185692
dimwishlist:item=149110926&perks=839105230,1087426260,3828510309,2848615171
dimwishlist:item=149110926&perks=839105230,1087426260,1888882410,3966416502
dimwishlist:item=149110926&perks=839105230,1087426260,1888882410,4104185692
dimwishlist:item=149110926&perks=839105230,1087426260,1888882410,2848615171
dimwishlist:item=149110926&perks=839105230,3230963543,3828510309,3966416502
dimwishlist:item=149110926&perks=839105230,3230963543,3828510309,4104185692
dimwishlist:item=149110926&perks=839105230,3230963543,3828510309,2848615171
dimwishlist:item=149110926&perks=839105230,3230963543,1888882410,3966416502
dimwishlist:item=149110926&perks=839105230,3230963543,1888882410,4104185692
dimwishlist:item=149110926&perks=839105230,3230963543,1888882410,2848615171
dimwishlist:item=149110926&perks=1840239774,106909392,3828510309,3966416502
dimwishlist:item=149110926&perks=1840239774,106909392,3828510309,4104185692
dimwishlist:item=149110926&perks=1840239774,106909392,3828510309,2848615171
dimwishlist:item=149110926&perks=1840239774,106909392,1888882410,3966416502
dimwishlist:item=149110926&perks=1840239774,106909392,1888882410,4104185692
dimwishlist:item=149110926&perks=1840239774,106909392,1888882410,2848615171
dimwishlist:item=149110926&perks=1840239774,1087426260,3828510309,3966416502
dimwishlist:item=149110926&perks=1840239774,1087426260,3828510309,4104185692
dimwishlist:item=149110926&perks=1840239774,1087426260,3828510309,2848615171
dimwishlist:item=149110926&perks=1840239774,1087426260,1888882410,3966416502
dimwishlist:item=149110926&perks=1840239774,1087426260,1888882410,4104185692
dimwishlist:item=149110926&perks=1840239774,1087426260,1888882410,2848615171
dimwishlist:item=149110926&perks=1840239774,3230963543,3828510309,3966416502
dimwishlist:item=149110926&perks=1840239774,3230963543,3828510309,4104185692
dimwishlist:item=149110926&perks=1840239774,3230963543,3828510309,2848615171
dimwishlist:item=149110926&perks=1840239774,3230963543,1888882410,3966416502
dimwishlist:item=149110926&perks=1840239774,3230963543,1888882410,4104185692
dimwishlist:item=149110926&perks=1840239774,3230963543,1888882410,2848615171
dimwishlist:item=149110926&perks=4090651448,106909392,3828510309,3966416502
dimwishlist:item=149110926&perks=4090651448,106909392,3828510309,4104185692
dimwishlist:item=149110926&perks=4090651448,106909392,3828510309,2848615171
dimwishlist:item=149110926&perks=4090651448,106909392,1888882410,3966416502
dimwishlist:item=149110926&perks=4090651448,106909392,1888882410,4104185692
dimwishlist:item=149110926&perks=4090651448,106909392,1888882410,2848615171
dimwishlist:item=149110926&perks=4090651448,1087426260,3828510309,3966416502
dimwishlist:item=149110926&perks=4090651448,1087426260,3828510309,4104185692
dimwishlist:item=149110926&perks=4090651448,1087426260,3828510309,2848615171
dimwishlist:item=149110926&perks=4090651448,1087426260,1888882410,3966416502
dimwishlist:item=149110926&perks=4090651448,1087426260,1888882410,4104185692
dimwishlist:item=149110926&perks=4090651448,1087426260,1888882410,2848615171
dimwishlist:item=149110926&perks=4090651448,3230963543,3828510309,3966416502
dimwishlist:item=149110926&perks=4090651448,3230963543,3828510309,4104185692
dimwishlist:item=149110926&perks=4090651448,3230963543,3828510309,2848615171
dimwishlist:item=149110926&perks=4090651448,3230963543,1888882410,3966416502
dimwishlist:item=149110926&perks=4090651448,3230963543,1888882410,4104185692
dimwishlist:item=149110926&perks=4090651448,3230963543,1888882410,2848615171
dimwishlist:item=149110926&perks=1392496348,106909392,3828510309,3966416502
dimwishlist:item=149110926&perks=1392496348,106909392,3828510309,4104185692
dimwishlist:item=149110926&perks=1392496348,106909392,3828510309,2848615171
dimwishlist:item=149110926&perks=1392496348,106909392,1888882410,3966416502
dimwishlist:item=149110926&perks=1392496348,106909392,1888882410,4104185692
dimwishlist:item=149110926&perks=1392496348,106909392,1888882410,2848615171
dimwishlist:item=149110926&perks=1392496348,1087426260,3828510309,3966416502
dimwishlist:item=149110926&perks=1392496348,1087426260,3828510309,4104185692
dimwishlist:item=149110926&perks=1392496348,1087426260,3828510309,2848615171
dimwishlist:item=149110926&perks=1392496348,1087426260,1888882410,3966416502
dimwishlist:item=149110926&perks=1392496348,1087426260,1888882410,4104185692
dimwishlist:item=149110926&perks=1392496348,1087426260,1888882410,2848615171
dimwishlist:item=149110926&perks=1392496348,3230963543,3828510309,3966416502
dimwishlist:item=149110926&perks=1392496348,3230963543,3828510309,4104185692
dimwishlist:item=149110926&perks=1392496348,3230963543,3828510309,2848615171
dimwishlist:item=149110926&perks=1392496348,3230963543,1888882410,3966416502
dimwishlist:item=149110926&perks=1392496348,3230963543,1888882410,4104185692
dimwishlist:item=149110926&perks=1392496348,3230963543,1888882410,2848615171
dimwishlist:item=149110926&perks=1482024992,106909392,3828510309,3966416502
dimwishlist:item=149110926&perks=1482024992,106909392,3828510309,4104185692
dimwishlist:item=149110926&perks=1482024992,106909392,3828510309,2848615171
dimwishlist:item=149110926&perks=1482024992,106909392,1888882410,3966416502
dimwishlist:item=149110926&perks=1482024992,106909392,1888882410,4104185692
dimwishlist:item=149110926&perks=1482024992,106909392,1888882410,2848615171
dimwishlist:item=149110926&perks=1482024992,1087426260,3828510309,3966416502
dimwishlist:item=149110926&perks=1482024992,1087426260,3828510309,4104185692
dimwishlist:item=149110926&perks=1482024992,1087426260,3828510309,2848615171
dimwishlist:item=149110926&perks=1482024992,1087426260,1888882410,3966416502
dimwishlist:item=149110926&perks=1482024992,1087426260,1888882410,4104185692
dimwishlist:item=149110926&perks=1482024992,1087426260,1888882410,2848615171
dimwishlist:item=149110926&perks=1482024992,3230963543,3828510309,3966416502
dimwishlist:item=149110926&perks=1482024992,3230963543,3828510309,4104185692
dimwishlist:item=149110926&perks=1482024992,3230963543,3828510309,2848615171
dimwishlist:item=149110926&perks=1482024992,3230963543,1888882410,3966416502
dimwishlist:item=149110926&perks=1482024992,3230963543,1888882410,4104185692
dimwishlist:item=149110926&perks=1482024992,3230963543,1888882410,2848615171


// The Slammer - 急锋 (pve)
//notes: 唯一冷钢+急切。功能性拉满了，急切+冷冻钢铁依旧独一份，也有极光破晓同款反击+冷钢移动冰箱，无情+后三个输出perk也可以用来输出。 tags:pve
dimwishlist:item=189854537&perks=2077819806,3650930298
dimwishlist:item=189854537&perks=2077819806,3078487919
dimwishlist:item=189854537&perks=2077819806,3640170453
dimwishlist:item=189854537&perks=2077819806,3913600130
dimwishlist:item=189854537&perks=1749209109,3650930298
dimwishlist:item=189854537&perks=1749209109,3078487919
dimwishlist:item=189854537&perks=1749209109,3640170453
dimwishlist:item=189854537&perks=1749209109,3913600130
dimwishlist:item=189854537&perks=2244851822,3650930298
dimwishlist:item=189854537&perks=2244851822,3078487919
dimwishlist:item=189854537&perks=2244851822,3640170453
dimwishlist:item=189854537&perks=2244851822,3913600130


// Whatchamacallit - 叫啥来着 (pve)
//notes: tags:pve
dimwishlist:item=357669417&perks=839105230,1087426260,3828510309,3966416502
dimwishlist:item=357669417&perks=839105230,1087426260,3828510309,4104185692
dimwishlist:item=357669417&perks=839105230,1087426260,3828510309,2848615171
dimwishlist:item=357669417&perks=839105230,1087426260,1888882410,3966416502
dimwishlist:item=357669417&perks=839105230,1087426260,1888882410,4104185692
dimwishlist:item=357669417&perks=839105230,1087426260,1888882410,2848615171
dimwishlist:item=357669417&perks=839105230,106909392,3828510309,3966416502
dimwishlist:item=357669417&perks=839105230,106909392,3828510309,4104185692
dimwishlist:item=357669417&perks=839105230,106909392,3828510309,2848615171
dimwishlist:item=357669417&perks=839105230,106909392,1888882410,3966416502
dimwishlist:item=357669417&perks=839105230,106909392,1888882410,4104185692
dimwishlist:item=357669417&perks=839105230,106909392,1888882410,2848615171
dimwishlist:item=357669417&perks=839105230,3230963543,3828510309,3966416502
dimwishlist:item=357669417&perks=839105230,3230963543,3828510309,4104185692
dimwishlist:item=357669417&perks=839105230,3230963543,3828510309,2848615171
dimwishlist:item=357669417&perks=839105230,3230963543,1888882410,3966416502
dimwishlist:item=357669417&perks=839105230,3230963543,1888882410,4104185692
dimwishlist:item=357669417&perks=839105230,3230963543,1888882410,2848615171
dimwishlist:item=357669417&perks=4090651448,1087426260,3828510309,3966416502
dimwishlist:item=357669417&perks=4090651448,1087426260,3828510309,4104185692
dimwishlist:item=357669417&perks=4090651448,1087426260,3828510309,2848615171
dimwishlist:item=357669417&perks=4090651448,1087426260,1888882410,3966416502
dimwishlist:item=357669417&perks=4090651448,1087426260,1888882410,4104185692
dimwishlist:item=357669417&perks=4090651448,1087426260,1888882410,2848615171
dimwishlist:item=357669417&perks=4090651448,106909392,3828510309,3966416502
dimwishlist:item=357669417&perks=4090651448,106909392,3828510309,4104185692
dimwishlist:item=357669417&perks=4090651448,106909392,3828510309,2848615171
dimwishlist:item=357669417&perks=4090651448,106909392,1888882410,3966416502
dimwishlist:item=357669417&perks=4090651448,106909392,1888882410,4104185692
dimwishlist:item=357669417&perks=4090651448,106909392,1888882410,2848615171
dimwishlist:item=357669417&perks=4090651448,3230963543,3828510309,3966416502
dimwishlist:item=357669417&perks=4090651448,3230963543,3828510309,4104185692
dimwishlist:item=357669417&perks=4090651448,3230963543,3828510309,2848615171
dimwishlist:item=357669417&perks=4090651448,3230963543,1888882410,3966416502
dimwishlist:item=357669417&perks=4090651448,3230963543,1888882410,4104185692
dimwishlist:item=357669417&perks=4090651448,3230963543,1888882410,2848615171
dimwishlist:item=357669417&perks=1840239774,1087426260,3828510309,3966416502
dimwishlist:item=357669417&perks=1840239774,1087426260,3828510309,4104185692
dimwishlist:item=357669417&perks=1840239774,1087426260,3828510309,2848615171
dimwishlist:item=357669417&perks=1840239774,1087426260,1888882410,3966416502
dimwishlist:item=357669417&perks=1840239774,1087426260,1888882410,4104185692
dimwishlist:item=357669417&perks=1840239774,1087426260,1888882410,2848615171
dimwishlist:item=357669417&perks=1840239774,106909392,3828510309,3966416502
dimwishlist:item=357669417&perks=1840239774,106909392,3828510309,4104185692
dimwishlist:item=357669417&perks=1840239774,106909392,3828510309,2848615171
dimwishlist:item=357669417&perks=1840239774,106909392,1888882410,3966416502
dimwishlist:item=357669417&perks=1840239774,106909392,1888882410,4104185692
dimwishlist:item=357669417&perks=1840239774,106909392,1888882410,2848615171
dimwishlist:item=357669417&perks=1840239774,3230963543,3828510309,3966416502
dimwishlist:item=357669417&perks=1840239774,3230963543,3828510309,4104185692
dimwishlist:item=357669417&perks=1840239774,3230963543,3828510309,2848615171
dimwishlist:item=357669417&perks=1840239774,3230963543,1888882410,3966416502
dimwishlist:item=357669417&perks=1840239774,3230963543,1888882410,4104185692
dimwishlist:item=357669417&perks=1840239774,3230963543,1888882410,2848615171
dimwishlist:item=357669417&perks=1392496348,1087426260,3828510309,3966416502
dimwishlist:item=357669417&perks=1392496348,1087426260,3828510309,4104185692
dimwishlist:item=357669417&perks=1392496348,1087426260,3828510309,2848615171
dimwishlist:item=357669417&perks=1392496348,1087426260,1888882410,3966416502
dimwishlist:item=357669417&perks=1392496348,1087426260,1888882410,4104185692
dimwishlist:item=357669417&perks=1392496348,1087426260,1888882410,2848615171
dimwishlist:item=357669417&perks=1392496348,106909392,3828510309,3966416502
dimwishlist:item=357669417&perks=1392496348,106909392,3828510309,4104185692
dimwishlist:item=357669417&perks=1392496348,106909392,3828510309,2848615171
dimwishlist:item=357669417&perks=1392496348,106909392,1888882410,3966416502
dimwishlist:item=357669417&perks=1392496348,106909392,1888882410,4104185692
dimwishlist:item=357669417&perks=1392496348,106909392,1888882410,2848615171
dimwishlist:item=357669417&perks=1392496348,3230963543,3828510309,3966416502
dimwishlist:item=357669417&perks=1392496348,3230963543,3828510309,4104185692
dimwishlist:item=357669417&perks=1392496348,3230963543,3828510309,2848615171
dimwishlist:item=357669417&perks=1392496348,3230963543,1888882410,3966416502
dimwishlist:item=357669417&perks=1392496348,3230963543,1888882410,4104185692
dimwishlist:item=357669417&perks=1392496348,3230963543,1888882410,2848615171
dimwishlist:item=357669417&perks=1482024992,1087426260,3828510309,3966416502
dimwishlist:item=357669417&perks=1482024992,1087426260,3828510309,4104185692
dimwishlist:item=357669417&perks=1482024992,1087426260,3828510309,2848615171
dimwishlist:item=357669417&perks=1482024992,1087426260,1888882410,3966416502
dimwishlist:item=357669417&perks=1482024992,1087426260,1888882410,4104185692
dimwishlist:item=357669417&perks=1482024992,1087426260,1888882410,2848615171
dimwishlist:item=357669417&perks=1482024992,106909392,3828510309,3966416502
dimwishlist:item=357669417&perks=1482024992,106909392,3828510309,4104185692
dimwishlist:item=357669417&perks=1482024992,106909392,3828510309,2848615171
dimwishlist:item=357669417&perks=1482024992,106909392,1888882410,3966416502
dimwishlist:item=357669417&perks=1482024992,106909392,1888882410,4104185692
dimwishlist:item=357669417&perks=1482024992,106909392,1888882410,2848615171
dimwishlist:item=357669417&perks=1482024992,3230963543,3828510309,3966416502
dimwishlist:item=357669417&perks=1482024992,3230963543,3828510309,4104185692
dimwishlist:item=357669417&perks=1482024992,3230963543,3828510309,2848615171
dimwishlist:item=357669417&perks=1482024992,3230963543,1888882410,3966416502
dimwishlist:item=357669417&perks=1482024992,3230963543,1888882410,4104185692
dimwishlist:item=357669417&perks=1482024992,3230963543,1888882410,2848615171


// The Palindrome - 回文 (pve)
//notes: pve新加了伏特子弹这个顶级清怪perk。 tags:pve
dimwishlist:item=739029152&perks=839105230,1087426260,3038247973,2173046394
dimwishlist:item=739029152&perks=839105230,1087426260,3038247973,3218042543
dimwishlist:item=739029152&perks=839105230,106909392,3038247973,2173046394
dimwishlist:item=739029152&perks=839105230,106909392,3038247973,3218042543
dimwishlist:item=739029152&perks=839105230,3230963543,3038247973,2173046394
dimwishlist:item=739029152&perks=839105230,3230963543,3038247973,3218042543
dimwishlist:item=739029152&perks=4090651448,1087426260,3038247973,2173046394
dimwishlist:item=739029152&perks=4090651448,1087426260,3038247973,3218042543
dimwishlist:item=739029152&perks=4090651448,106909392,3038247973,2173046394
dimwishlist:item=739029152&perks=4090651448,106909392,3038247973,3218042543
dimwishlist:item=739029152&perks=4090651448,3230963543,3038247973,2173046394
dimwishlist:item=739029152&perks=4090651448,3230963543,3038247973,3218042543
dimwishlist:item=739029152&perks=1840239774,1087426260,3038247973,2173046394
dimwishlist:item=739029152&perks=1840239774,1087426260,3038247973,3218042543
dimwishlist:item=739029152&perks=1840239774,106909392,3038247973,2173046394
dimwishlist:item=739029152&perks=1840239774,106909392,3038247973,3218042543
dimwishlist:item=739029152&perks=1840239774,3230963543,3038247973,2173046394
dimwishlist:item=739029152&perks=1840239774,3230963543,3038247973,3218042543


// The Palindrome - 回文 (pvp)
//notes: tags:pvp
dimwishlist:item=739029152&perks=839105230,1561002382,3038247973,47981717
dimwishlist:item=739029152&perks=839105230,1561002382,3038247973,2720533289
dimwishlist:item=739029152&perks=839105230,1561002382,3038247973,3081867624
dimwishlist:item=739029152&perks=839105230,1561002382,2579169598,47981717
dimwishlist:item=739029152&perks=839105230,1561002382,2579169598,2720533289
dimwishlist:item=739029152&perks=839105230,1561002382,2579169598,3081867624
dimwishlist:item=739029152&perks=839105230,791862061,3038247973,47981717
dimwishlist:item=739029152&perks=839105230,791862061,3038247973,2720533289
dimwishlist:item=739029152&perks=839105230,791862061,3038247973,3081867624
dimwishlist:item=739029152&perks=839105230,791862061,2579169598,47981717
dimwishlist:item=739029152&perks=839105230,791862061,2579169598,2720533289
dimwishlist:item=739029152&perks=839105230,791862061,2579169598,3081867624
dimwishlist:item=739029152&perks=839105230,3142289711,3038247973,47981717
dimwishlist:item=739029152&perks=839105230,3142289711,3038247973,2720533289
dimwishlist:item=739029152&perks=839105230,3142289711,3038247973,3081867624
dimwishlist:item=739029152&perks=839105230,3142289711,2579169598,47981717
dimwishlist:item=739029152&perks=839105230,3142289711,2579169598,2720533289
dimwishlist:item=739029152&perks=839105230,3142289711,2579169598,3081867624
dimwishlist:item=739029152&perks=4090651448,1561002382,3038247973,47981717
dimwishlist:item=739029152&perks=4090651448,1561002382,3038247973,2720533289
dimwishlist:item=739029152&perks=4090651448,1561002382,3038247973,3081867624
dimwishlist:item=739029152&perks=4090651448,1561002382,2579169598,47981717
dimwishlist:item=739029152&perks=4090651448,1561002382,2579169598,2720533289
dimwishlist:item=739029152&perks=4090651448,1561002382,2579169598,3081867624
dimwishlist:item=739029152&perks=4090651448,791862061,3038247973,47981717
dimwishlist:item=739029152&perks=4090651448,791862061,3038247973,2720533289
dimwishlist:item=739029152&perks=4090651448,791862061,3038247973,3081867624
dimwishlist:item=739029152&perks=4090651448,791862061,2579169598,47981717
dimwishlist:item=739029152&perks=4090651448,791862061,2579169598,2720533289
dimwishlist:item=739029152&perks=4090651448,791862061,2579169598,3081867624
dimwishlist:item=739029152&perks=4090651448,3142289711,3038247973,47981717
dimwishlist:item=739029152&perks=4090651448,3142289711,3038247973,2720533289
dimwishlist:item=739029152&perks=4090651448,3142289711,3038247973,3081867624
dimwishlist:item=739029152&perks=4090651448,3142289711,2579169598,47981717
dimwishlist:item=739029152&perks=4090651448,3142289711,2579169598,2720533289
dimwishlist:item=739029152&perks=4090651448,3142289711,2579169598,3081867624
dimwishlist:item=739029152&perks=1840239774,1561002382,3038247973,47981717
dimwishlist:item=739029152&perks=1840239774,1561002382,3038247973,2720533289
dimwishlist:item=739029152&perks=1840239774,1561002382,3038247973,3081867624
dimwishlist:item=739029152&perks=1840239774,1561002382,2579169598,47981717
dimwishlist:item=739029152&perks=1840239774,1561002382,2579169598,2720533289
dimwishlist:item=739029152&perks=1840239774,1561002382,2579169598,3081867624
dimwishlist:item=739029152&perks=1840239774,791862061,3038247973,47981717
dimwishlist:item=739029152&perks=1840239774,791862061,3038247973,2720533289
dimwishlist:item=739029152&perks=1840239774,791862061,3038247973,3081867624
dimwishlist:item=739029152&perks=1840239774,791862061,2579169598,47981717
dimwishlist:item=739029152&perks=1840239774,791862061,2579169598,2720533289
dimwishlist:item=739029152&perks=1840239774,791862061,2579169598,3081867624
dimwishlist:item=739029152&perks=1840239774,3142289711,3038247973,47981717
dimwishlist:item=739029152&perks=1840239774,3142289711,3038247973,2720533289
dimwishlist:item=739029152&perks=1840239774,3142289711,3038247973,3081867624
dimwishlist:item=739029152&perks=1840239774,3142289711,2579169598,47981717
dimwishlist:item=739029152&perks=1840239774,3142289711,2579169598,2720533289
dimwishlist:item=739029152&perks=1840239774,3142289711,2579169598,3081867624
dimwishlist:item=739029152&perks=3250034553,1561002382,3038247973,47981717
dimwishlist:item=739029152&perks=3250034553,1561002382,3038247973,2720533289
dimwishlist:item=739029152&perks=3250034553,1561002382,3038247973,3081867624
dimwishlist:item=739029152&perks=3250034553,1561002382,2579169598,47981717
dimwishlist:item=739029152&perks=3250034553,1561002382,2579169598,2720533289
dimwishlist:item=739029152&perks=3250034553,1561002382,2579169598,3081867624
dimwishlist:item=739029152&perks=3250034553,791862061,3038247973,47981717
dimwishlist:item=739029152&perks=3250034553,791862061,3038247973,2720533289
dimwishlist:item=739029152&perks=3250034553,791862061,3038247973,3081867624
dimwishlist:item=739029152&perks=3250034553,791862061,2579169598,47981717
dimwishlist:item=739029152&perks=3250034553,791862061,2579169598,2720533289
dimwishlist:item=739029152&perks=3250034553,791862061,2579169598,3081867624
dimwishlist:item=739029152&perks=3250034553,3142289711,3038247973,47981717
dimwishlist:item=739029152&perks=3250034553,3142289711,3038247973,2720533289
dimwishlist:item=739029152&perks=3250034553,3142289711,3038247973,3081867624
dimwishlist:item=739029152&perks=3250034553,3142289711,2579169598,47981717
dimwishlist:item=739029152&perks=3250034553,3142289711,2579169598,2720533289
dimwishlist:item=739029152&perks=3250034553,3142289711,2579169598,3081867624


// D.F.A. - 死从天降 (pve)
//notes: tags:pve
dimwishlist:item=739029153&perks=839105230,1087426260,3038247973,4104185692
dimwishlist:item=739029153&perks=839105230,1087426260,3038247973,4049631843
dimwishlist:item=739029153&perks=839105230,1087426260,3038247973,243981275
dimwishlist:item=739029153&perks=839105230,106909392,3038247973,4104185692
dimwishlist:item=739029153&perks=839105230,106909392,3038247973,4049631843
dimwishlist:item=739029153&perks=839105230,106909392,3038247973,243981275
dimwishlist:item=739029153&perks=839105230,3230963543,3038247973,4104185692
dimwishlist:item=739029153&perks=839105230,3230963543,3038247973,4049631843
dimwishlist:item=739029153&perks=839105230,3230963543,3038247973,243981275
dimwishlist:item=739029153&perks=1840239774,1087426260,3038247973,4104185692
dimwishlist:item=739029153&perks=1840239774,1087426260,3038247973,4049631843
dimwishlist:item=739029153&perks=1840239774,1087426260,3038247973,243981275
dimwishlist:item=739029153&perks=1840239774,106909392,3038247973,4104185692
dimwishlist:item=739029153&perks=1840239774,106909392,3038247973,4049631843
dimwishlist:item=739029153&perks=1840239774,106909392,3038247973,243981275
dimwishlist:item=739029153&perks=1840239774,3230963543,3038247973,4104185692
dimwishlist:item=739029153&perks=1840239774,3230963543,3038247973,4049631843
dimwishlist:item=739029153&perks=1840239774,3230963543,3038247973,243981275
dimwishlist:item=739029153&perks=4090651448,1087426260,3038247973,4104185692
dimwishlist:item=739029153&perks=4090651448,1087426260,3038247973,4049631843
dimwishlist:item=739029153&perks=4090651448,1087426260,3038247973,243981275
dimwishlist:item=739029153&perks=4090651448,106909392,3038247973,4104185692
dimwishlist:item=739029153&perks=4090651448,106909392,3038247973,4049631843
dimwishlist:item=739029153&perks=4090651448,106909392,3038247973,243981275
dimwishlist:item=739029153&perks=4090651448,3230963543,3038247973,4104185692
dimwishlist:item=739029153&perks=4090651448,3230963543,3038247973,4049631843
dimwishlist:item=739029153&perks=4090651448,3230963543,3038247973,243981275


// Lotus-Eater - 食莲者 (pve)
//notes: 日常回转/空扳+失衡足够，其余当添头的功能性perk，配装需要再说。 tags:pve
dimwishlist:item=837298567&perks=1478423395,1087426260,1523832109,2048641572
dimwishlist:item=837298567&perks=1478423395,1087426260,1523832109,1134488199
dimwishlist:item=837298567&perks=1478423395,1087426260,776531651,2048641572
dimwishlist:item=837298567&perks=1478423395,1087426260,776531651,1134488199
dimwishlist:item=837298567&perks=1478423395,1087426260,3182497402,2048641572
dimwishlist:item=837298567&perks=1478423395,1087426260,3182497402,1134488199
dimwishlist:item=837298567&perks=1478423395,1087426260,1421772400,2048641572
dimwishlist:item=837298567&perks=1478423395,1087426260,1421772400,1134488199
dimwishlist:item=837298567&perks=1478423395,106909392,1523832109,2048641572
dimwishlist:item=837298567&perks=1478423395,106909392,1523832109,1134488199
dimwishlist:item=837298567&perks=1478423395,106909392,776531651,2048641572
dimwishlist:item=837298567&perks=1478423395,106909392,776531651,1134488199
dimwishlist:item=837298567&perks=1478423395,106909392,3182497402,2048641572
dimwishlist:item=837298567&perks=1478423395,106909392,3182497402,1134488199
dimwishlist:item=837298567&perks=1478423395,106909392,1421772400,2048641572
dimwishlist:item=837298567&perks=1478423395,106909392,1421772400,1134488199
dimwishlist:item=837298567&perks=1478423395,2420895100,1523832109,2048641572
dimwishlist:item=837298567&perks=1478423395,2420895100,1523832109,1134488199
dimwishlist:item=837298567&perks=1478423395,2420895100,776531651,2048641572
dimwishlist:item=837298567&perks=1478423395,2420895100,776531651,1134488199
dimwishlist:item=837298567&perks=1478423395,2420895100,3182497402,2048641572
dimwishlist:item=837298567&perks=1478423395,2420895100,3182497402,1134488199
dimwishlist:item=837298567&perks=1478423395,2420895100,1421772400,2048641572
dimwishlist:item=837298567&perks=1478423395,2420895100,1421772400,1134488199
dimwishlist:item=837298567&perks=1478423395,3230963543,1523832109,2048641572
dimwishlist:item=837298567&perks=1478423395,3230963543,1523832109,1134488199
dimwishlist:item=837298567&perks=1478423395,3230963543,776531651,2048641572
dimwishlist:item=837298567&perks=1478423395,3230963543,776531651,1134488199
dimwishlist:item=837298567&perks=1478423395,3230963543,3182497402,2048641572
dimwishlist:item=837298567&perks=1478423395,3230963543,3182497402,1134488199
dimwishlist:item=837298567&perks=1478423395,3230963543,1421772400,2048641572
dimwishlist:item=837298567&perks=1478423395,3230963543,1421772400,1134488199
dimwishlist:item=837298567&perks=1478423395,2822142346,1523832109,2048641572
dimwishlist:item=837298567&perks=1478423395,2822142346,1523832109,1134488199
dimwishlist:item=837298567&perks=1478423395,2822142346,776531651,2048641572
dimwishlist:item=837298567&perks=1478423395,2822142346,776531651,1134488199
dimwishlist:item=837298567&perks=1478423395,2822142346,3182497402,2048641572
dimwishlist:item=837298567&perks=1478423395,2822142346,3182497402,1134488199
dimwishlist:item=837298567&perks=1478423395,2822142346,1421772400,2048641572
dimwishlist:item=837298567&perks=1478423395,2822142346,1421772400,1134488199
dimwishlist:item=837298567&perks=1441682018,1087426260,1523832109,2048641572
dimwishlist:item=837298567&perks=1441682018,1087426260,1523832109,1134488199
dimwishlist:item=837298567&perks=1441682018,1087426260,776531651,2048641572
dimwishlist:item=837298567&perks=1441682018,1087426260,776531651,1134488199
dimwishlist:item=837298567&perks=1441682018,1087426260,3182497402,2048641572
dimwishlist:item=837298567&perks=1441682018,1087426260,3182497402,1134488199
dimwishlist:item=837298567&perks=1441682018,1087426260,1421772400,2048641572
dimwishlist:item=837298567&perks=1441682018,1087426260,1421772400,1134488199
dimwishlist:item=837298567&perks=1441682018,106909392,1523832109,2048641572
dimwishlist:item=837298567&perks=1441682018,106909392,1523832109,1134488199
dimwishlist:item=837298567&perks=1441682018,106909392,776531651,2048641572
dimwishlist:item=837298567&perks=1441682018,106909392,776531651,1134488199
dimwishlist:item=837298567&perks=1441682018,106909392,3182497402,2048641572
dimwishlist:item=837298567&perks=1441682018,106909392,3182497402,1134488199
dimwishlist:item=837298567&perks=1441682018,106909392,1421772400,2048641572
dimwishlist:item=837298567&perks=1441682018,106909392,1421772400,1134488199
dimwishlist:item=837298567&perks=1441682018,2420895100,1523832109,2048641572
dimwishlist:item=837298567&perks=1441682018,2420895100,1523832109,1134488199
dimwishlist:item=837298567&perks=1441682018,2420895100,776531651,2048641572
dimwishlist:item=837298567&perks=1441682018,2420895100,776531651,1134488199
dimwishlist:item=837298567&perks=1441682018,2420895100,3182497402,2048641572
dimwishlist:item=837298567&perks=1441682018,2420895100,3182497402,1134488199
dimwishlist:item=837298567&perks=1441682018,2420895100,1421772400,2048641572
dimwishlist:item=837298567&perks=1441682018,2420895100,1421772400,1134488199
dimwishlist:item=837298567&perks=1441682018,3230963543,1523832109,2048641572
dimwishlist:item=837298567&perks=1441682018,3230963543,1523832109,1134488199
dimwishlist:item=837298567&perks=1441682018,3230963543,776531651,2048641572
dimwishlist:item=837298567&perks=1441682018,3230963543,776531651,1134488199
dimwishlist:item=837298567&perks=1441682018,3230963543,3182497402,2048641572
dimwishlist:item=837298567&perks=1441682018,3230963543,3182497402,1134488199
dimwishlist:item=837298567&perks=1441682018,3230963543,1421772400,2048641572
dimwishlist:item=837298567&perks=1441682018,3230963543,1421772400,1134488199
dimwishlist:item=837298567&perks=1441682018,2822142346,1523832109,2048641572
dimwishlist:item=837298567&perks=1441682018,2822142346,1523832109,1134488199
dimwishlist:item=837298567&perks=1441682018,2822142346,776531651,2048641572
dimwishlist:item=837298567&perks=1441682018,2822142346,776531651,1134488199
dimwishlist:item=837298567&perks=1441682018,2822142346,3182497402,2048641572
dimwishlist:item=837298567&perks=1441682018,2822142346,3182497402,1134488199
dimwishlist:item=837298567&perks=1441682018,2822142346,1421772400,2048641572
dimwishlist:item=837298567&perks=1441682018,2822142346,1421772400,1134488199
dimwishlist:item=837298567&perks=3525010810,1087426260,1523832109,2048641572
dimwishlist:item=837298567&perks=3525010810,1087426260,1523832109,1134488199
dimwishlist:item=837298567&perks=3525010810,1087426260,776531651,2048641572
dimwishlist:item=837298567&perks=3525010810,1087426260,776531651,1134488199
dimwishlist:item=837298567&perks=3525010810,1087426260,3182497402,2048641572
dimwishlist:item=837298567&perks=3525010810,1087426260,3182497402,1134488199
dimwishlist:item=837298567&perks=3525010810,1087426260,1421772400,2048641572
dimwishlist:item=837298567&perks=3525010810,1087426260,1421772400,1134488199
dimwishlist:item=837298567&perks=3525010810,106909392,1523832109,2048641572
dimwishlist:item=837298567&perks=3525010810,106909392,1523832109,1134488199
dimwishlist:item=837298567&perks=3525010810,106909392,776531651,2048641572
dimwishlist:item=837298567&perks=3525010810,106909392,776531651,1134488199
dimwishlist:item=837298567&perks=3525010810,106909392,3182497402,2048641572
dimwishlist:item=837298567&perks=3525010810,106909392,3182497402,1134488199
dimwishlist:item=837298567&perks=3525010810,106909392,1421772400,2048641572
dimwishlist:item=837298567&perks=3525010810,106909392,1421772400,1134488199
dimwishlist:item=837298567&perks=3525010810,2420895100,1523832109,2048641572
dimwishlist:item=837298567&perks=3525010810,2420895100,1523832109,1134488199
dimwishlist:item=837298567&perks=3525010810,2420895100,776531651,2048641572
dimwishlist:item=837298567&perks=3525010810,2420895100,776531651,1134488199
dimwishlist:item=837298567&perks=3525010810,2420895100,3182497402,2048641572
dimwishlist:item=837298567&perks=3525010810,2420895100,3182497402,1134488199
dimwishlist:item=837298567&perks=3525010810,2420895100,1421772400,2048641572
dimwishlist:item=837298567&perks=3525010810,2420895100,1421772400,1134488199
dimwishlist:item=837298567&perks=3525010810,3230963543,1523832109,2048641572
dimwishlist:item=837298567&perks=3525010810,3230963543,1523832109,1134488199
dimwishlist:item=837298567&perks=3525010810,3230963543,776531651,2048641572
dimwishlist:item=837298567&perks=3525010810,3230963543,776531651,1134488199
dimwishlist:item=837298567&perks=3525010810,3230963543,3182497402,2048641572
dimwishlist:item=837298567&perks=3525010810,3230963543,3182497402,1134488199
dimwishlist:item=837298567&perks=3525010810,3230963543,1421772400,2048641572
dimwishlist:item=837298567&perks=3525010810,3230963543,1421772400,1134488199
dimwishlist:item=837298567&perks=3525010810,2822142346,1523832109,2048641572
dimwishlist:item=837298567&perks=3525010810,2822142346,1523832109,1134488199
dimwishlist:item=837298567&perks=3525010810,2822142346,776531651,2048641572
dimwishlist:item=837298567&perks=3525010810,2822142346,776531651,1134488199
dimwishlist:item=837298567&perks=3525010810,2822142346,3182497402,2048641572
dimwishlist:item=837298567&perks=3525010810,2822142346,3182497402,1134488199
dimwishlist:item=837298567&perks=3525010810,2822142346,1421772400,2048641572
dimwishlist:item=837298567&perks=3525010810,2822142346,1421772400,1134488199
dimwishlist:item=837298567&perks=3798852852,1087426260,1523832109,2048641572
dimwishlist:item=837298567&perks=3798852852,1087426260,1523832109,1134488199
dimwishlist:item=837298567&perks=3798852852,1087426260,776531651,2048641572
dimwishlist:item=837298567&perks=3798852852,1087426260,776531651,1134488199
dimwishlist:item=837298567&perks=3798852852,1087426260,3182497402,2048641572
dimwishlist:item=837298567&perks=3798852852,1087426260,3182497402,1134488199
dimwishlist:item=837298567&perks=3798852852,1087426260,1421772400,2048641572
dimwishlist:item=837298567&perks=3798852852,1087426260,1421772400,1134488199
dimwishlist:item=837298567&perks=3798852852,106909392,1523832109,2048641572
dimwishlist:item=837298567&perks=3798852852,106909392,1523832109,1134488199
dimwishlist:item=837298567&perks=3798852852,106909392,776531651,2048641572
dimwishlist:item=837298567&perks=3798852852,106909392,776531651,1134488199
dimwishlist:item=837298567&perks=3798852852,106909392,3182497402,2048641572
dimwishlist:item=837298567&perks=3798852852,106909392,3182497402,1134488199
dimwishlist:item=837298567&perks=3798852852,106909392,1421772400,2048641572
dimwishlist:item=837298567&perks=3798852852,106909392,1421772400,1134488199
dimwishlist:item=837298567&perks=3798852852,2420895100,1523832109,2048641572
dimwishlist:item=837298567&perks=3798852852,2420895100,1523832109,1134488199
dimwishlist:item=837298567&perks=3798852852,2420895100,776531651,2048641572
dimwishlist:item=837298567&perks=3798852852,2420895100,776531651,1134488199
dimwishlist:item=837298567&perks=3798852852,2420895100,3182497402,2048641572
dimwishlist:item=837298567&perks=3798852852,2420895100,3182497402,1134488199
dimwishlist:item=837298567&perks=3798852852,2420895100,1421772400,2048641572
dimwishlist:item=837298567&perks=3798852852,2420895100,1421772400,1134488199
dimwishlist:item=837298567&perks=3798852852,3230963543,1523832109,2048641572
dimwishlist:item=837298567&perks=3798852852,3230963543,1523832109,1134488199
dimwishlist:item=837298567&perks=3798852852,3230963543,776531651,2048641572
dimwishlist:item=837298567&perks=3798852852,3230963543,776531651,1134488199
dimwishlist:item=837298567&perks=3798852852,3230963543,3182497402,2048641572
dimwishlist:item=837298567&perks=3798852852,3230963543,3182497402,1134488199
dimwishlist:item=837298567&perks=3798852852,3230963543,1421772400,2048641572
dimwishlist:item=837298567&perks=3798852852,3230963543,1421772400,1134488199
dimwishlist:item=837298567&perks=3798852852,2822142346,1523832109,2048641572
dimwishlist:item=837298567&perks=3798852852,2822142346,1523832109,1134488199
dimwishlist:item=837298567&perks=3798852852,2822142346,776531651,2048641572
dimwishlist:item=837298567&perks=3798852852,2822142346,776531651,1134488199
dimwishlist:item=837298567&perks=3798852852,2822142346,3182497402,2048641572
dimwishlist:item=837298567&perks=3798852852,2822142346,3182497402,1134488199
dimwishlist:item=837298567&perks=3798852852,2822142346,1421772400,2048641572
dimwishlist:item=837298567&perks=3798852852,2822142346,1421772400,1134488199


// Adored - 崇拜 (pve)
//notes: 整体属于补伤害用的狙，框架一般。 tags:pve
dimwishlist:item=891765152&perks=839105230,1087426260,1354429876,1089671869
dimwishlist:item=891765152&perks=839105230,1087426260,1511100135,1089671869
dimwishlist:item=891765152&perks=839105230,106909392,1354429876,1089671869
dimwishlist:item=891765152&perks=839105230,106909392,1511100135,1089671869
dimwishlist:item=891765152&perks=839105230,3230963543,1354429876,1089671869
dimwishlist:item=891765152&perks=839105230,3230963543,1511100135,1089671869
dimwishlist:item=891765152&perks=4090651448,1087426260,1354429876,1089671869
dimwishlist:item=891765152&perks=4090651448,1087426260,1511100135,1089671869
dimwishlist:item=891765152&perks=4090651448,106909392,1354429876,1089671869
dimwishlist:item=891765152&perks=4090651448,106909392,1511100135,1089671869
dimwishlist:item=891765152&perks=4090651448,3230963543,1354429876,1089671869
dimwishlist:item=891765152&perks=4090651448,3230963543,1511100135,1089671869
dimwishlist:item=891765152&perks=1840239774,1087426260,1354429876,1089671869
dimwishlist:item=891765152&perks=1840239774,1087426260,1511100135,1089671869
dimwishlist:item=891765152&perks=1840239774,106909392,1354429876,1089671869
dimwishlist:item=891765152&perks=1840239774,106909392,1511100135,1089671869
dimwishlist:item=891765152&perks=1840239774,3230963543,1354429876,1089671869
dimwishlist:item=891765152&perks=1840239774,3230963543,1511100135,1089671869
dimwishlist:item=891765152&perks=1392496348,1087426260,1354429876,1089671869
dimwishlist:item=891765152&perks=1392496348,1087426260,1511100135,1089671869
dimwishlist:item=891765152&perks=1392496348,106909392,1354429876,1089671869
dimwishlist:item=891765152&perks=1392496348,106909392,1511100135,1089671869
dimwishlist:item=891765152&perks=1392496348,3230963543,1354429876,1089671869
dimwishlist:item=891765152&perks=1392496348,3230963543,1511100135,1089671869
dimwishlist:item=891765152&perks=1482024992,1087426260,1354429876,1089671869
dimwishlist:item=891765152&perks=1482024992,1087426260,1511100135,1089671869
dimwishlist:item=891765152&perks=1482024992,106909392,1354429876,1089671869
dimwishlist:item=891765152&perks=1482024992,106909392,1511100135,1089671869
dimwishlist:item=891765152&perks=1482024992,3230963543,1354429876,1089671869
dimwishlist:item=891765152&perks=1482024992,3230963543,1511100135,1089671869


// Lotus-Eater - 食莲者 (pve)
//notes: 日常回转/空扳+失衡足够，其余当添头的功能性perk，配装需要再说。 tags:pve
dimwishlist:item=924095500&perks=1478423395,1087426260,1523832109,2048641572
dimwishlist:item=924095500&perks=1478423395,1087426260,1523832109,1134488199
dimwishlist:item=924095500&perks=1478423395,1087426260,776531651,2048641572
dimwishlist:item=924095500&perks=1478423395,1087426260,776531651,1134488199
dimwishlist:item=924095500&perks=1478423395,1087426260,3182497402,2048641572
dimwishlist:item=924095500&perks=1478423395,1087426260,3182497402,1134488199
dimwishlist:item=924095500&perks=1478423395,1087426260,1421772400,2048641572
dimwishlist:item=924095500&perks=1478423395,1087426260,1421772400,1134488199
dimwishlist:item=924095500&perks=1478423395,106909392,1523832109,2048641572
dimwishlist:item=924095500&perks=1478423395,106909392,1523832109,1134488199
dimwishlist:item=924095500&perks=1478423395,106909392,776531651,2048641572
dimwishlist:item=924095500&perks=1478423395,106909392,776531651,1134488199
dimwishlist:item=924095500&perks=1478423395,106909392,3182497402,2048641572
dimwishlist:item=924095500&perks=1478423395,106909392,3182497402,1134488199
dimwishlist:item=924095500&perks=1478423395,106909392,1421772400,2048641572
dimwishlist:item=924095500&perks=1478423395,106909392,1421772400,1134488199
dimwishlist:item=924095500&perks=1478423395,2420895100,1523832109,2048641572
dimwishlist:item=924095500&perks=1478423395,2420895100,1523832109,1134488199
dimwishlist:item=924095500&perks=1478423395,2420895100,776531651,2048641572
dimwishlist:item=924095500&perks=1478423395,2420895100,776531651,1134488199
dimwishlist:item=924095500&perks=1478423395,2420895100,3182497402,2048641572
dimwishlist:item=924095500&perks=1478423395,2420895100,3182497402,1134488199
dimwishlist:item=924095500&perks=1478423395,2420895100,1421772400,2048641572
dimwishlist:item=924095500&perks=1478423395,2420895100,1421772400,1134488199
dimwishlist:item=924095500&perks=1478423395,3230963543,1523832109,2048641572
dimwishlist:item=924095500&perks=1478423395,3230963543,1523832109,1134488199
dimwishlist:item=924095500&perks=1478423395,3230963543,776531651,2048641572
dimwishlist:item=924095500&perks=1478423395,3230963543,776531651,1134488199
dimwishlist:item=924095500&perks=1478423395,3230963543,3182497402,2048641572
dimwishlist:item=924095500&perks=1478423395,3230963543,3182497402,1134488199
dimwishlist:item=924095500&perks=1478423395,3230963543,1421772400,2048641572
dimwishlist:item=924095500&perks=1478423395,3230963543,1421772400,1134488199
dimwishlist:item=924095500&perks=1478423395,2822142346,1523832109,2048641572
dimwishlist:item=924095500&perks=1478423395,2822142346,1523832109,1134488199
dimwishlist:item=924095500&perks=1478423395,2822142346,776531651,2048641572
dimwishlist:item=924095500&perks=1478423395,2822142346,776531651,1134488199
dimwishlist:item=924095500&perks=1478423395,2822142346,3182497402,2048641572
dimwishlist:item=924095500&perks=1478423395,2822142346,3182497402,1134488199
dimwishlist:item=924095500&perks=1478423395,2822142346,1421772400,2048641572
dimwishlist:item=924095500&perks=1478423395,2822142346,1421772400,1134488199
dimwishlist:item=924095500&perks=1441682018,1087426260,1523832109,2048641572
dimwishlist:item=924095500&perks=1441682018,1087426260,1523832109,1134488199
dimwishlist:item=924095500&perks=1441682018,1087426260,776531651,2048641572
dimwishlist:item=924095500&perks=1441682018,1087426260,776531651,1134488199
dimwishlist:item=924095500&perks=1441682018,1087426260,3182497402,2048641572
dimwishlist:item=924095500&perks=1441682018,1087426260,3182497402,1134488199
dimwishlist:item=924095500&perks=1441682018,1087426260,1421772400,2048641572
dimwishlist:item=924095500&perks=1441682018,1087426260,1421772400,1134488199
dimwishlist:item=924095500&perks=1441682018,106909392,1523832109,2048641572
dimwishlist:item=924095500&perks=1441682018,106909392,1523832109,1134488199
dimwishlist:item=924095500&perks=1441682018,106909392,776531651,2048641572
dimwishlist:item=924095500&perks=1441682018,106909392,776531651,1134488199
dimwishlist:item=924095500&perks=1441682018,106909392,3182497402,2048641572
dimwishlist:item=924095500&perks=1441682018,106909392,3182497402,1134488199
dimwishlist:item=924095500&perks=1441682018,106909392,1421772400,2048641572
dimwishlist:item=924095500&perks=1441682018,106909392,1421772400,1134488199
dimwishlist:item=924095500&perks=1441682018,2420895100,1523832109,2048641572
dimwishlist:item=924095500&perks=1441682018,2420895100,1523832109,1134488199
dimwishlist:item=924095500&perks=1441682018,2420895100,776531651,2048641572
dimwishlist:item=924095500&perks=1441682018,2420895100,776531651,1134488199
dimwishlist:item=924095500&perks=1441682018,2420895100,3182497402,2048641572
dimwishlist:item=924095500&perks=1441682018,2420895100,3182497402,1134488199
dimwishlist:item=924095500&perks=1441682018,2420895100,1421772400,2048641572
dimwishlist:item=924095500&perks=1441682018,2420895100,1421772400,1134488199
dimwishlist:item=924095500&perks=1441682018,3230963543,1523832109,2048641572
dimwishlist:item=924095500&perks=1441682018,3230963543,1523832109,1134488199
dimwishlist:item=924095500&perks=1441682018,3230963543,776531651,2048641572
dimwishlist:item=924095500&perks=1441682018,3230963543,776531651,1134488199
dimwishlist:item=924095500&perks=1441682018,3230963543,3182497402,2048641572
dimwishlist:item=924095500&perks=1441682018,3230963543,3182497402,1134488199
dimwishlist:item=924095500&perks=1441682018,3230963543,1421772400,2048641572
dimwishlist:item=924095500&perks=1441682018,3230963543,1421772400,1134488199
dimwishlist:item=924095500&perks=1441682018,2822142346,1523832109,2048641572
dimwishlist:item=924095500&perks=1441682018,2822142346,1523832109,1134488199
dimwishlist:item=924095500&perks=1441682018,2822142346,776531651,2048641572
dimwishlist:item=924095500&perks=1441682018,2822142346,776531651,1134488199
dimwishlist:item=924095500&perks=1441682018,2822142346,3182497402,2048641572
dimwishlist:item=924095500&perks=1441682018,2822142346,3182497402,1134488199
dimwishlist:item=924095500&perks=1441682018,2822142346,1421772400,2048641572
dimwishlist:item=924095500&perks=1441682018,2822142346,1421772400,1134488199
dimwishlist:item=924095500&perks=3525010810,1087426260,1523832109,2048641572
dimwishlist:item=924095500&perks=3525010810,1087426260,1523832109,1134488199
dimwishlist:item=924095500&perks=3525010810,1087426260,776531651,2048641572
dimwishlist:item=924095500&perks=3525010810,1087426260,776531651,1134488199
dimwishlist:item=924095500&perks=3525010810,1087426260,3182497402,2048641572
dimwishlist:item=924095500&perks=3525010810,1087426260,3182497402,1134488199
dimwishlist:item=924095500&perks=3525010810,1087426260,1421772400,2048641572
dimwishlist:item=924095500&perks=3525010810,1087426260,1421772400,1134488199
dimwishlist:item=924095500&perks=3525010810,106909392,1523832109,2048641572
dimwishlist:item=924095500&perks=3525010810,106909392,1523832109,1134488199
dimwishlist:item=924095500&perks=3525010810,106909392,776531651,2048641572
dimwishlist:item=924095500&perks=3525010810,106909392,776531651,1134488199
dimwishlist:item=924095500&perks=3525010810,106909392,3182497402,2048641572
dimwishlist:item=924095500&perks=3525010810,106909392,3182497402,1134488199
dimwishlist:item=924095500&perks=3525010810,106909392,1421772400,2048641572
dimwishlist:item=924095500&perks=3525010810,106909392,1421772400,1134488199
dimwishlist:item=924095500&perks=3525010810,2420895100,1523832109,2048641572
dimwishlist:item=924095500&perks=3525010810,2420895100,1523832109,1134488199
dimwishlist:item=924095500&perks=3525010810,2420895100,776531651,2048641572
dimwishlist:item=924095500&perks=3525010810,2420895100,776531651,1134488199
dimwishlist:item=924095500&perks=3525010810,2420895100,3182497402,2048641572
dimwishlist:item=924095500&perks=3525010810,2420895100,3182497402,1134488199
dimwishlist:item=924095500&perks=3525010810,2420895100,1421772400,2048641572
dimwishlist:item=924095500&perks=3525010810,2420895100,1421772400,1134488199
dimwishlist:item=924095500&perks=3525010810,3230963543,1523832109,2048641572
dimwishlist:item=924095500&perks=3525010810,3230963543,1523832109,1134488199
dimwishlist:item=924095500&perks=3525010810,3230963543,776531651,2048641572
dimwishlist:item=924095500&perks=3525010810,3230963543,776531651,1134488199
dimwishlist:item=924095500&perks=3525010810,3230963543,3182497402,2048641572
dimwishlist:item=924095500&perks=3525010810,3230963543,3182497402,1134488199
dimwishlist:item=924095500&perks=3525010810,3230963543,1421772400,2048641572
dimwishlist:item=924095500&perks=3525010810,3230963543,1421772400,1134488199
dimwishlist:item=924095500&perks=3525010810,2822142346,1523832109,2048641572
dimwishlist:item=924095500&perks=3525010810,2822142346,1523832109,1134488199
dimwishlist:item=924095500&perks=3525010810,2822142346,776531651,2048641572
dimwishlist:item=924095500&perks=3525010810,2822142346,776531651,1134488199
dimwishlist:item=924095500&perks=3525010810,2822142346,3182497402,2048641572
dimwishlist:item=924095500&perks=3525010810,2822142346,3182497402,1134488199
dimwishlist:item=924095500&perks=3525010810,2822142346,1421772400,2048641572
dimwishlist:item=924095500&perks=3525010810,2822142346,1421772400,1134488199
dimwishlist:item=924095500&perks=3798852852,1087426260,1523832109,2048641572
dimwishlist:item=924095500&perks=3798852852,1087426260,1523832109,1134488199
dimwishlist:item=924095500&perks=3798852852,1087426260,776531651,2048641572
dimwishlist:item=924095500&perks=3798852852,1087426260,776531651,1134488199
dimwishlist:item=924095500&perks=3798852852,1087426260,3182497402,2048641572
dimwishlist:item=924095500&perks=3798852852,1087426260,3182497402,1134488199
dimwishlist:item=924095500&perks=3798852852,1087426260,1421772400,2048641572
dimwishlist:item=924095500&perks=3798852852,1087426260,1421772400,1134488199
dimwishlist:item=924095500&perks=3798852852,106909392,1523832109,2048641572
dimwishlist:item=924095500&perks=3798852852,106909392,1523832109,1134488199
dimwishlist:item=924095500&perks=3798852852,106909392,776531651,2048641572
dimwishlist:item=924095500&perks=3798852852,106909392,776531651,1134488199
dimwishlist:item=924095500&perks=3798852852,106909392,3182497402,2048641572
dimwishlist:item=924095500&perks=3798852852,106909392,3182497402,1134488199
dimwishlist:item=924095500&perks=3798852852,106909392,1421772400,2048641572
dimwishlist:item=924095500&perks=3798852852,106909392,1421772400,1134488199
dimwishlist:item=924095500&perks=3798852852,2420895100,1523832109,2048641572
dimwishlist:item=924095500&perks=3798852852,2420895100,1523832109,1134488199
dimwishlist:item=924095500&perks=3798852852,2420895100,776531651,2048641572
dimwishlist:item=924095500&perks=3798852852,2420895100,776531651,1134488199
dimwishlist:item=924095500&perks=3798852852,2420895100,3182497402,2048641572
dimwishlist:item=924095500&perks=3798852852,2420895100,3182497402,1134488199
dimwishlist:item=924095500&perks=3798852852,2420895100,1421772400,2048641572
dimwishlist:item=924095500&perks=3798852852,2420895100,1421772400,1134488199
dimwishlist:item=924095500&perks=3798852852,3230963543,1523832109,2048641572
dimwishlist:item=924095500&perks=3798852852,3230963543,1523832109,1134488199
dimwishlist:item=924095500&perks=3798852852,3230963543,776531651,2048641572
dimwishlist:item=924095500&perks=3798852852,3230963543,776531651,1134488199
dimwishlist:item=924095500&perks=3798852852,3230963543,3182497402,2048641572
dimwishlist:item=924095500&perks=3798852852,3230963543,3182497402,1134488199
dimwishlist:item=924095500&perks=3798852852,3230963543,1421772400,2048641572
dimwishlist:item=924095500&perks=3798852852,3230963543,1421772400,1134488199
dimwishlist:item=924095500&perks=3798852852,2822142346,1523832109,2048641572
dimwishlist:item=924095500&perks=3798852852,2822142346,1523832109,1134488199
dimwishlist:item=924095500&perks=3798852852,2822142346,776531651,2048641572
dimwishlist:item=924095500&perks=3798852852,2822142346,776531651,1134488199
dimwishlist:item=924095500&perks=3798852852,2822142346,3182497402,2048641572
dimwishlist:item=924095500&perks=3798852852,2822142346,3182497402,1134488199
dimwishlist:item=924095500&perks=3798852852,2822142346,1421772400,2048641572
dimwishlist:item=924095500&perks=3798852852,2822142346,1421772400,1134488199


// Adored - 崇拜 (pve)
//notes: 整体属于补伤害用的狙，框架一般。 tags:pve
dimwishlist:item=1405095983&perks=839105230,106909392,1354429876,1089671869
dimwishlist:item=1405095983&perks=839105230,106909392,1511100135,1089671869
dimwishlist:item=1405095983&perks=839105230,3230963543,1354429876,1089671869
dimwishlist:item=1405095983&perks=839105230,3230963543,1511100135,1089671869
dimwishlist:item=1405095983&perks=4090651448,106909392,1354429876,1089671869
dimwishlist:item=1405095983&perks=4090651448,106909392,1511100135,1089671869
dimwishlist:item=1405095983&perks=4090651448,3230963543,1354429876,1089671869
dimwishlist:item=1405095983&perks=4090651448,3230963543,1511100135,1089671869
dimwishlist:item=1405095983&perks=1840239774,106909392,1354429876,1089671869
dimwishlist:item=1405095983&perks=1840239774,106909392,1511100135,1089671869
dimwishlist:item=1405095983&perks=1840239774,3230963543,1354429876,1089671869
dimwishlist:item=1405095983&perks=1840239774,3230963543,1511100135,1089671869
dimwishlist:item=1405095983&perks=1392496348,106909392,1354429876,1089671869
dimwishlist:item=1405095983&perks=1392496348,106909392,1511100135,1089671869
dimwishlist:item=1405095983&perks=1392496348,3230963543,1354429876,1089671869
dimwishlist:item=1405095983&perks=1392496348,3230963543,1511100135,1089671869
dimwishlist:item=1405095983&perks=1482024992,106909392,1354429876,1089671869
dimwishlist:item=1405095983&perks=1482024992,106909392,1511100135,1089671869
dimwishlist:item=1405095983&perks=1482024992,3230963543,1354429876,1089671869
dimwishlist:item=1405095983&perks=1482024992,3230963543,1511100135,1089671869


// Salvager's Salvo - 拯救者的喝彩 (pve)
//notes: 输出perk绑定电盾可以复刻老月鞋无限射，也可以跟仪式武器版本一样用来清怪。同样不用强求加速突击，有更好。 tags:pve
dimwishlist:item=1692109318&perks=1478423395,3301904089,1115162408,654512643
dimwishlist:item=1692109318&perks=1478423395,3301904089,1115162408,1546637391
dimwishlist:item=1692109318&perks=1478423395,3301904089,1115162408,2173046394
dimwishlist:item=1692109318&perks=1478423395,3301904089,2396489472,654512643
dimwishlist:item=1692109318&perks=1478423395,3301904089,2396489472,1546637391
dimwishlist:item=1692109318&perks=1478423395,3301904089,2396489472,2173046394
dimwishlist:item=1692109318&perks=1478423395,3301904089,3523296417,654512643
dimwishlist:item=1692109318&perks=1478423395,3301904089,3523296417,1546637391
dimwishlist:item=1692109318&perks=1478423395,3301904089,3523296417,2173046394
dimwishlist:item=1692109318&perks=1478423395,409831596,1115162408,654512643
dimwishlist:item=1692109318&perks=1478423395,409831596,1115162408,1546637391
dimwishlist:item=1692109318&perks=1478423395,409831596,1115162408,2173046394
dimwishlist:item=1692109318&perks=1478423395,409831596,2396489472,654512643
dimwishlist:item=1692109318&perks=1478423395,409831596,2396489472,1546637391
dimwishlist:item=1692109318&perks=1478423395,409831596,2396489472,2173046394
dimwishlist:item=1692109318&perks=1478423395,409831596,3523296417,654512643
dimwishlist:item=1692109318&perks=1478423395,409831596,3523296417,1546637391
dimwishlist:item=1692109318&perks=1478423395,409831596,3523296417,2173046394
dimwishlist:item=1692109318&perks=1478423395,2822142346,1115162408,654512643
dimwishlist:item=1692109318&perks=1478423395,2822142346,1115162408,1546637391
dimwishlist:item=1692109318&perks=1478423395,2822142346,1115162408,2173046394
dimwishlist:item=1692109318&perks=1478423395,2822142346,2396489472,654512643
dimwishlist:item=1692109318&perks=1478423395,2822142346,2396489472,1546637391
dimwishlist:item=1692109318&perks=1478423395,2822142346,2396489472,2173046394
dimwishlist:item=1692109318&perks=1478423395,2822142346,3523296417,654512643
dimwishlist:item=1692109318&perks=1478423395,2822142346,3523296417,1546637391
dimwishlist:item=1692109318&perks=1478423395,2822142346,3523296417,2173046394
dimwishlist:item=1692109318&perks=1441682018,3301904089,1115162408,654512643
dimwishlist:item=1692109318&perks=1441682018,3301904089,1115162408,1546637391
dimwishlist:item=1692109318&perks=1441682018,3301904089,1115162408,2173046394
dimwishlist:item=1692109318&perks=1441682018,3301904089,2396489472,654512643
dimwishlist:item=1692109318&perks=1441682018,3301904089,2396489472,1546637391
dimwishlist:item=1692109318&perks=1441682018,3301904089,2396489472,2173046394
dimwishlist:item=1692109318&perks=1441682018,3301904089,3523296417,654512643
dimwishlist:item=1692109318&perks=1441682018,3301904089,3523296417,1546637391
dimwishlist:item=1692109318&perks=1441682018,3301904089,3523296417,2173046394
dimwishlist:item=1692109318&perks=1441682018,409831596,1115162408,654512643
dimwishlist:item=1692109318&perks=1441682018,409831596,1115162408,1546637391
dimwishlist:item=1692109318&perks=1441682018,409831596,1115162408,2173046394
dimwishlist:item=1692109318&perks=1441682018,409831596,2396489472,654512643
dimwishlist:item=1692109318&perks=1441682018,409831596,2396489472,1546637391
dimwishlist:item=1692109318&perks=1441682018,409831596,2396489472,2173046394
dimwishlist:item=1692109318&perks=1441682018,409831596,3523296417,654512643
dimwishlist:item=1692109318&perks=1441682018,409831596,3523296417,1546637391
dimwishlist:item=1692109318&perks=1441682018,409831596,3523296417,2173046394
dimwishlist:item=1692109318&perks=1441682018,2822142346,1115162408,654512643
dimwishlist:item=1692109318&perks=1441682018,2822142346,1115162408,1546637391
dimwishlist:item=1692109318&perks=1441682018,2822142346,1115162408,2173046394
dimwishlist:item=1692109318&perks=1441682018,2822142346,2396489472,654512643
dimwishlist:item=1692109318&perks=1441682018,2822142346,2396489472,1546637391
dimwishlist:item=1692109318&perks=1441682018,2822142346,2396489472,2173046394
dimwishlist:item=1692109318&perks=1441682018,2822142346,3523296417,654512643
dimwishlist:item=1692109318&perks=1441682018,2822142346,3523296417,1546637391
dimwishlist:item=1692109318&perks=1441682018,2822142346,3523296417,2173046394
dimwishlist:item=1692109318&perks=3525010810,3301904089,1115162408,654512643
dimwishlist:item=1692109318&perks=3525010810,3301904089,1115162408,1546637391
dimwishlist:item=1692109318&perks=3525010810,3301904089,1115162408,2173046394
dimwishlist:item=1692109318&perks=3525010810,3301904089,2396489472,654512643
dimwishlist:item=1692109318&perks=3525010810,3301904089,2396489472,1546637391
dimwishlist:item=1692109318&perks=3525010810,3301904089,2396489472,2173046394
dimwishlist:item=1692109318&perks=3525010810,3301904089,3523296417,654512643
dimwishlist:item=1692109318&perks=3525010810,3301904089,3523296417,1546637391
dimwishlist:item=1692109318&perks=3525010810,3301904089,3523296417,2173046394
dimwishlist:item=1692109318&perks=3525010810,409831596,1115162408,654512643
dimwishlist:item=1692109318&perks=3525010810,409831596,1115162408,1546637391
dimwishlist:item=1692109318&perks=3525010810,409831596,1115162408,2173046394
dimwishlist:item=1692109318&perks=3525010810,409831596,2396489472,654512643
dimwishlist:item=1692109318&perks=3525010810,409831596,2396489472,1546637391
dimwishlist:item=1692109318&perks=3525010810,409831596,2396489472,2173046394
dimwishlist:item=1692109318&perks=3525010810,409831596,3523296417,654512643
dimwishlist:item=1692109318&perks=3525010810,409831596,3523296417,1546637391
dimwishlist:item=1692109318&perks=3525010810,409831596,3523296417,2173046394
dimwishlist:item=1692109318&perks=3525010810,2822142346,1115162408,654512643
dimwishlist:item=1692109318&perks=3525010810,2822142346,1115162408,1546637391
dimwishlist:item=1692109318&perks=3525010810,2822142346,1115162408,2173046394
dimwishlist:item=1692109318&perks=3525010810,2822142346,2396489472,654512643
dimwishlist:item=1692109318&perks=3525010810,2822142346,2396489472,1546637391
dimwishlist:item=1692109318&perks=3525010810,2822142346,2396489472,2173046394
dimwishlist:item=1692109318&perks=3525010810,2822142346,3523296417,654512643
dimwishlist:item=1692109318&perks=3525010810,2822142346,3523296417,1546637391
dimwishlist:item=1692109318&perks=3525010810,2822142346,3523296417,2173046394
dimwishlist:item=1692109318&perks=3798852852,3301904089,1115162408,654512643
dimwishlist:item=1692109318&perks=3798852852,3301904089,1115162408,1546637391
dimwishlist:item=1692109318&perks=3798852852,3301904089,1115162408,2173046394
dimwishlist:item=1692109318&perks=3798852852,3301904089,2396489472,654512643
dimwishlist:item=1692109318&perks=3798852852,3301904089,2396489472,1546637391
dimwishlist:item=1692109318&perks=3798852852,3301904089,2396489472,2173046394
dimwishlist:item=1692109318&perks=3798852852,3301904089,3523296417,654512643
dimwishlist:item=1692109318&perks=3798852852,3301904089,3523296417,1546637391
dimwishlist:item=1692109318&perks=3798852852,3301904089,3523296417,2173046394
dimwishlist:item=1692109318&perks=3798852852,409831596,1115162408,654512643
dimwishlist:item=1692109318&perks=3798852852,409831596,1115162408,1546637391
dimwishlist:item=1692109318&perks=3798852852,409831596,1115162408,2173046394
dimwishlist:item=1692109318&perks=3798852852,409831596,2396489472,654512643
dimwishlist:item=1692109318&perks=3798852852,409831596,2396489472,1546637391
dimwishlist:item=1692109318&perks=3798852852,409831596,2396489472,2173046394
dimwishlist:item=1692109318&perks=3798852852,409831596,3523296417,654512643
dimwishlist:item=1692109318&perks=3798852852,409831596,3523296417,1546637391
dimwishlist:item=1692109318&perks=3798852852,409831596,3523296417,2173046394
dimwishlist:item=1692109318&perks=3798852852,2822142346,1115162408,654512643
dimwishlist:item=1692109318&perks=3798852852,2822142346,1115162408,1546637391
dimwishlist:item=1692109318&perks=3798852852,2822142346,1115162408,2173046394
dimwishlist:item=1692109318&perks=3798852852,2822142346,2396489472,654512643
dimwishlist:item=1692109318&perks=3798852852,2822142346,2396489472,1546637391
dimwishlist:item=1692109318&perks=3798852852,2822142346,2396489472,2173046394
dimwishlist:item=1692109318&perks=3798852852,2822142346,3523296417,654512643
dimwishlist:item=1692109318&perks=3798852852,2822142346,3523296417,1546637391
dimwishlist:item=1692109318&perks=3798852852,2822142346,3523296417,2173046394


// The Hothead - 热血上头 (pve)
//notes: 顶级输出火箭筒。组合完美，按自己需求搭配。爆炸光能增伤较低，一般就日常看它触发方便用用，输出还是用前三个高数值增伤。 tags:pve
dimwishlist:item=1692372662&perks=1478423395,2822142346,3300816228,3078487919
dimwishlist:item=1692372662&perks=1478423395,2822142346,3300816228,3764420437
dimwishlist:item=1692372662&perks=1478423395,2822142346,3300816228,1089671869
dimwishlist:item=1692372662&perks=1478423395,2822142346,3987942396,3078487919
dimwishlist:item=1692372662&perks=1478423395,2822142346,3987942396,3764420437
dimwishlist:item=1692372662&perks=1478423395,2822142346,3987942396,1089671869
dimwishlist:item=1692372662&perks=1478423395,2822142346,1523832109,3078487919
dimwishlist:item=1692372662&perks=1478423395,2822142346,1523832109,3764420437
dimwishlist:item=1692372662&perks=1478423395,2822142346,1523832109,1089671869
dimwishlist:item=1692372662&perks=1478423395,3796465595,3300816228,3078487919
dimwishlist:item=1692372662&perks=1478423395,3796465595,3300816228,3764420437
dimwishlist:item=1692372662&perks=1478423395,3796465595,3300816228,1089671869
dimwishlist:item=1692372662&perks=1478423395,3796465595,3987942396,3078487919
dimwishlist:item=1692372662&perks=1478423395,3796465595,3987942396,3764420437
dimwishlist:item=1692372662&perks=1478423395,3796465595,3987942396,1089671869
dimwishlist:item=1692372662&perks=1478423395,3796465595,1523832109,3078487919
dimwishlist:item=1692372662&perks=1478423395,3796465595,1523832109,3764420437
dimwishlist:item=1692372662&perks=1478423395,3796465595,1523832109,1089671869
dimwishlist:item=1692372662&perks=1441682018,2822142346,3300816228,3078487919
dimwishlist:item=1692372662&perks=1441682018,2822142346,3300816228,3764420437
dimwishlist:item=1692372662&perks=1441682018,2822142346,3300816228,1089671869
dimwishlist:item=1692372662&perks=1441682018,2822142346,3987942396,3078487919
dimwishlist:item=1692372662&perks=1441682018,2822142346,3987942396,3764420437
dimwishlist:item=1692372662&perks=1441682018,2822142346,3987942396,1089671869
dimwishlist:item=1692372662&perks=1441682018,2822142346,1523832109,3078487919
dimwishlist:item=1692372662&perks=1441682018,2822142346,1523832109,3764420437
dimwishlist:item=1692372662&perks=1441682018,2822142346,1523832109,1089671869
dimwishlist:item=1692372662&perks=1441682018,3796465595,3300816228,3078487919
dimwishlist:item=1692372662&perks=1441682018,3796465595,3300816228,3764420437
dimwishlist:item=1692372662&perks=1441682018,3796465595,3300816228,1089671869
dimwishlist:item=1692372662&perks=1441682018,3796465595,3987942396,3078487919
dimwishlist:item=1692372662&perks=1441682018,3796465595,3987942396,3764420437
dimwishlist:item=1692372662&perks=1441682018,3796465595,3987942396,1089671869
dimwishlist:item=1692372662&perks=1441682018,3796465595,1523832109,3078487919
dimwishlist:item=1692372662&perks=1441682018,3796465595,1523832109,3764420437
dimwishlist:item=1692372662&perks=1441682018,3796465595,1523832109,1089671869
dimwishlist:item=1692372662&perks=3525010810,2822142346,3300816228,3078487919
dimwishlist:item=1692372662&perks=3525010810,2822142346,3300816228,3764420437
dimwishlist:item=1692372662&perks=3525010810,2822142346,3300816228,1089671869
dimwishlist:item=1692372662&perks=3525010810,2822142346,3987942396,3078487919
dimwishlist:item=1692372662&perks=3525010810,2822142346,3987942396,3764420437
dimwishlist:item=1692372662&perks=3525010810,2822142346,3987942396,1089671869
dimwishlist:item=1692372662&perks=3525010810,2822142346,1523832109,3078487919
dimwishlist:item=1692372662&perks=3525010810,2822142346,1523832109,3764420437
dimwishlist:item=1692372662&perks=3525010810,2822142346,1523832109,1089671869
dimwishlist:item=1692372662&perks=3525010810,3796465595,3300816228,3078487919
dimwishlist:item=1692372662&perks=3525010810,3796465595,3300816228,3764420437
dimwishlist:item=1692372662&perks=3525010810,3796465595,3300816228,1089671869
dimwishlist:item=1692372662&perks=3525010810,3796465595,3987942396,3078487919
dimwishlist:item=1692372662&perks=3525010810,3796465595,3987942396,3764420437
dimwishlist:item=1692372662&perks=3525010810,3796465595,3987942396,1089671869
dimwishlist:item=1692372662&perks=3525010810,3796465595,1523832109,3078487919
dimwishlist:item=1692372662&perks=3525010810,3796465595,1523832109,3764420437
dimwishlist:item=1692372662&perks=3525010810,3796465595,1523832109,1089671869
dimwishlist:item=1692372662&perks=3798852852,2822142346,3300816228,3078487919
dimwishlist:item=1692372662&perks=3798852852,2822142346,3300816228,3764420437
dimwishlist:item=1692372662&perks=3798852852,2822142346,3300816228,1089671869
dimwishlist:item=1692372662&perks=3798852852,2822142346,3987942396,3078487919
dimwishlist:item=1692372662&perks=3798852852,2822142346,3987942396,3764420437
dimwishlist:item=1692372662&perks=3798852852,2822142346,3987942396,1089671869
dimwishlist:item=1692372662&perks=3798852852,2822142346,1523832109,3078487919
dimwishlist:item=1692372662&perks=3798852852,2822142346,1523832109,3764420437
dimwishlist:item=1692372662&perks=3798852852,2822142346,1523832109,1089671869
dimwishlist:item=1692372662&perks=3798852852,3796465595,3300816228,3078487919
dimwishlist:item=1692372662&perks=3798852852,3796465595,3300816228,3764420437
dimwishlist:item=1692372662&perks=3798852852,3796465595,3300816228,1089671869
dimwishlist:item=1692372662&perks=3798852852,3796465595,3987942396,3078487919
dimwishlist:item=1692372662&perks=3798852852,3796465595,3987942396,3764420437
dimwishlist:item=1692372662&perks=3798852852,3796465595,3987942396,1089671869
dimwishlist:item=1692372662&perks=3798852852,3796465595,1523832109,3078487919
dimwishlist:item=1692372662&perks=3798852852,3796465595,1523832109,3764420437
dimwishlist:item=1692372662&perks=3798852852,3796465595,1523832109,1089671869


// Mint Retrograde - 完美逆行 (pve)
//notes: tags:pve
dimwishlist:item=1715391576&perks=1478423395,1087426260,3418782618,3078487919
dimwishlist:item=1715391576&perks=1478423395,1087426260,3418782618,1089671869
dimwishlist:item=1715391576&perks=1478423395,1087426260,3418782618,3751912585
dimwishlist:item=1715391576&perks=1478423395,1087426260,3987942396,3078487919
dimwishlist:item=1715391576&perks=1478423395,1087426260,3987942396,1089671869
dimwishlist:item=1715391576&perks=1478423395,1087426260,3987942396,3751912585
dimwishlist:item=1715391576&perks=1478423395,106909392,3418782618,3078487919
dimwishlist:item=1715391576&perks=1478423395,106909392,3418782618,1089671869
dimwishlist:item=1715391576&perks=1478423395,106909392,3418782618,3751912585
dimwishlist:item=1715391576&perks=1478423395,106909392,3987942396,3078487919
dimwishlist:item=1715391576&perks=1478423395,106909392,3987942396,1089671869
dimwishlist:item=1715391576&perks=1478423395,106909392,3987942396,3751912585
dimwishlist:item=1715391576&perks=1478423395,3230963543,3418782618,3078487919
dimwishlist:item=1715391576&perks=1478423395,3230963543,3418782618,1089671869
dimwishlist:item=1715391576&perks=1478423395,3230963543,3418782618,3751912585
dimwishlist:item=1715391576&perks=1478423395,3230963543,3987942396,3078487919
dimwishlist:item=1715391576&perks=1478423395,3230963543,3987942396,1089671869
dimwishlist:item=1715391576&perks=1478423395,3230963543,3987942396,3751912585
dimwishlist:item=1715391576&perks=1478423395,2822142346,3418782618,3078487919
dimwishlist:item=1715391576&perks=1478423395,2822142346,3418782618,1089671869
dimwishlist:item=1715391576&perks=1478423395,2822142346,3418782618,3751912585
dimwishlist:item=1715391576&perks=1478423395,2822142346,3987942396,3078487919
dimwishlist:item=1715391576&perks=1478423395,2822142346,3987942396,1089671869
dimwishlist:item=1715391576&perks=1478423395,2822142346,3987942396,3751912585
dimwishlist:item=1715391576&perks=1441682018,1087426260,3418782618,3078487919
dimwishlist:item=1715391576&perks=1441682018,1087426260,3418782618,1089671869
dimwishlist:item=1715391576&perks=1441682018,1087426260,3418782618,3751912585
dimwishlist:item=1715391576&perks=1441682018,1087426260,3987942396,3078487919
dimwishlist:item=1715391576&perks=1441682018,1087426260,3987942396,1089671869
dimwishlist:item=1715391576&perks=1441682018,1087426260,3987942396,3751912585
dimwishlist:item=1715391576&perks=1441682018,106909392,3418782618,3078487919
dimwishlist:item=1715391576&perks=1441682018,106909392,3418782618,1089671869
dimwishlist:item=1715391576&perks=1441682018,106909392,3418782618,3751912585
dimwishlist:item=1715391576&perks=1441682018,106909392,3987942396,3078487919
dimwishlist:item=1715391576&perks=1441682018,106909392,3987942396,1089671869
dimwishlist:item=1715391576&perks=1441682018,106909392,3987942396,3751912585
dimwishlist:item=1715391576&perks=1441682018,3230963543,3418782618,3078487919
dimwishlist:item=1715391576&perks=1441682018,3230963543,3418782618,1089671869
dimwishlist:item=1715391576&perks=1441682018,3230963543,3418782618,3751912585
dimwishlist:item=1715391576&perks=1441682018,3230963543,3987942396,3078487919
dimwishlist:item=1715391576&perks=1441682018,3230963543,3987942396,1089671869
dimwishlist:item=1715391576&perks=1441682018,3230963543,3987942396,3751912585
dimwishlist:item=1715391576&perks=1441682018,2822142346,3418782618,3078487919
dimwishlist:item=1715391576&perks=1441682018,2822142346,3418782618,1089671869
dimwishlist:item=1715391576&perks=1441682018,2822142346,3418782618,3751912585
dimwishlist:item=1715391576&perks=1441682018,2822142346,3987942396,3078487919
dimwishlist:item=1715391576&perks=1441682018,2822142346,3987942396,1089671869
dimwishlist:item=1715391576&perks=1441682018,2822142346,3987942396,3751912585
dimwishlist:item=1715391576&perks=3525010810,1087426260,3418782618,3078487919
dimwishlist:item=1715391576&perks=3525010810,1087426260,3418782618,1089671869
dimwishlist:item=1715391576&perks=3525010810,1087426260,3418782618,3751912585
dimwishlist:item=1715391576&perks=3525010810,1087426260,3987942396,3078487919
dimwishlist:item=1715391576&perks=3525010810,1087426260,3987942396,1089671869
dimwishlist:item=1715391576&perks=3525010810,1087426260,3987942396,3751912585
dimwishlist:item=1715391576&perks=3525010810,106909392,3418782618,3078487919
dimwishlist:item=1715391576&perks=3525010810,106909392,3418782618,1089671869
dimwishlist:item=1715391576&perks=3525010810,106909392,3418782618,3751912585
dimwishlist:item=1715391576&perks=3525010810,106909392,3987942396,3078487919
dimwishlist:item=1715391576&perks=3525010810,106909392,3987942396,1089671869
dimwishlist:item=1715391576&perks=3525010810,106909392,3987942396,3751912585
dimwishlist:item=1715391576&perks=3525010810,3230963543,3418782618,3078487919
dimwishlist:item=1715391576&perks=3525010810,3230963543,3418782618,1089671869
dimwishlist:item=1715391576&perks=3525010810,3230963543,3418782618,3751912585
dimwishlist:item=1715391576&perks=3525010810,3230963543,3987942396,3078487919
dimwishlist:item=1715391576&perks=3525010810,3230963543,3987942396,1089671869
dimwishlist:item=1715391576&perks=3525010810,3230963543,3987942396,3751912585
dimwishlist:item=1715391576&perks=3525010810,2822142346,3418782618,3078487919
dimwishlist:item=1715391576&perks=3525010810,2822142346,3418782618,1089671869
dimwishlist:item=1715391576&perks=3525010810,2822142346,3418782618,3751912585
dimwishlist:item=1715391576&perks=3525010810,2822142346,3987942396,3078487919
dimwishlist:item=1715391576&perks=3525010810,2822142346,3987942396,1089671869
dimwishlist:item=1715391576&perks=3525010810,2822142346,3987942396,3751912585
dimwishlist:item=1715391576&perks=3798852852,1087426260,3418782618,3078487919
dimwishlist:item=1715391576&perks=3798852852,1087426260,3418782618,1089671869
dimwishlist:item=1715391576&perks=3798852852,1087426260,3418782618,3751912585
dimwishlist:item=1715391576&perks=3798852852,1087426260,3987942396,3078487919
dimwishlist:item=1715391576&perks=3798852852,1087426260,3987942396,1089671869
dimwishlist:item=1715391576&perks=3798852852,1087426260,3987942396,3751912585
dimwishlist:item=1715391576&perks=3798852852,106909392,3418782618,3078487919
dimwishlist:item=1715391576&perks=3798852852,106909392,3418782618,1089671869
dimwishlist:item=1715391576&perks=3798852852,106909392,3418782618,3751912585
dimwishlist:item=1715391576&perks=3798852852,106909392,3987942396,3078487919
dimwishlist:item=1715391576&perks=3798852852,106909392,3987942396,1089671869
dimwishlist:item=1715391576&perks=3798852852,106909392,3987942396,3751912585
dimwishlist:item=1715391576&perks=3798852852,3230963543,3418782618,3078487919
dimwishlist:item=1715391576&perks=3798852852,3230963543,3418782618,1089671869
dimwishlist:item=1715391576&perks=3798852852,3230963543,3418782618,3751912585
dimwishlist:item=1715391576&perks=3798852852,3230963543,3987942396,3078487919
dimwishlist:item=1715391576&perks=3798852852,3230963543,3987942396,1089671869
dimwishlist:item=1715391576&perks=3798852852,3230963543,3987942396,3751912585
dimwishlist:item=1715391576&perks=3798852852,2822142346,3418782618,3078487919
dimwishlist:item=1715391576&perks=3798852852,2822142346,3418782618,1089671869
dimwishlist:item=1715391576&perks=3798852852,2822142346,3418782618,3751912585
dimwishlist:item=1715391576&perks=3798852852,2822142346,3987942396,3078487919
dimwishlist:item=1715391576&perks=3798852852,2822142346,3987942396,1089671869
dimwishlist:item=1715391576&perks=3798852852,2822142346,3987942396,3751912585


// Null Composure - 零镇静 (pve)
//notes: 优质融合。抱着输出或者三切都行，日常用洪涝清怪也有重建丰盈这种过量弹匣，比老的强多了。 tags:pve
dimwishlist:item=2150643740&perks=839105230,689005463,1523832109,2594592626
dimwishlist:item=2150643740&perks=839105230,689005463,1523832109,1089671869
dimwishlist:item=2150643740&perks=839105230,689005463,1523832109,1427256713
dimwishlist:item=2150643740&perks=839105230,689005463,3643424744,2594592626
dimwishlist:item=2150643740&perks=839105230,689005463,3643424744,1089671869
dimwishlist:item=2150643740&perks=839105230,689005463,3643424744,1427256713
dimwishlist:item=2150643740&perks=839105230,689005463,3987942396,2594592626
dimwishlist:item=2150643740&perks=839105230,689005463,3987942396,1089671869
dimwishlist:item=2150643740&perks=839105230,689005463,3987942396,1427256713
dimwishlist:item=2150643740&perks=839105230,2680121939,1523832109,2594592626
dimwishlist:item=2150643740&perks=839105230,2680121939,1523832109,1089671869
dimwishlist:item=2150643740&perks=839105230,2680121939,1523832109,1427256713
dimwishlist:item=2150643740&perks=839105230,2680121939,3643424744,2594592626
dimwishlist:item=2150643740&perks=839105230,2680121939,3643424744,1089671869
dimwishlist:item=2150643740&perks=839105230,2680121939,3643424744,1427256713
dimwishlist:item=2150643740&perks=839105230,2680121939,3987942396,2594592626
dimwishlist:item=2150643740&perks=839105230,2680121939,3987942396,1089671869
dimwishlist:item=2150643740&perks=839105230,2680121939,3987942396,1427256713
dimwishlist:item=2150643740&perks=4090651448,689005463,1523832109,2594592626
dimwishlist:item=2150643740&perks=4090651448,689005463,1523832109,1089671869
dimwishlist:item=2150643740&perks=4090651448,689005463,1523832109,1427256713
dimwishlist:item=2150643740&perks=4090651448,689005463,3643424744,2594592626
dimwishlist:item=2150643740&perks=4090651448,689005463,3643424744,1089671869
dimwishlist:item=2150643740&perks=4090651448,689005463,3643424744,1427256713
dimwishlist:item=2150643740&perks=4090651448,689005463,3987942396,2594592626
dimwishlist:item=2150643740&perks=4090651448,689005463,3987942396,1089671869
dimwishlist:item=2150643740&perks=4090651448,689005463,3987942396,1427256713
dimwishlist:item=2150643740&perks=4090651448,2680121939,1523832109,2594592626
dimwishlist:item=2150643740&perks=4090651448,2680121939,1523832109,1089671869
dimwishlist:item=2150643740&perks=4090651448,2680121939,1523832109,1427256713
dimwishlist:item=2150643740&perks=4090651448,2680121939,3643424744,2594592626
dimwishlist:item=2150643740&perks=4090651448,2680121939,3643424744,1089671869
dimwishlist:item=2150643740&perks=4090651448,2680121939,3643424744,1427256713
dimwishlist:item=2150643740&perks=4090651448,2680121939,3987942396,2594592626
dimwishlist:item=2150643740&perks=4090651448,2680121939,3987942396,1089671869
dimwishlist:item=2150643740&perks=4090651448,2680121939,3987942396,1427256713
dimwishlist:item=2150643740&perks=1840239774,689005463,1523832109,2594592626
dimwishlist:item=2150643740&perks=1840239774,689005463,1523832109,1089671869
dimwishlist:item=2150643740&perks=1840239774,689005463,1523832109,1427256713
dimwishlist:item=2150643740&perks=1840239774,689005463,3643424744,2594592626
dimwishlist:item=2150643740&perks=1840239774,689005463,3643424744,1089671869
dimwishlist:item=2150643740&perks=1840239774,689005463,3643424744,1427256713
dimwishlist:item=2150643740&perks=1840239774,689005463,3987942396,2594592626
dimwishlist:item=2150643740&perks=1840239774,689005463,3987942396,1089671869
dimwishlist:item=2150643740&perks=1840239774,689005463,3987942396,1427256713
dimwishlist:item=2150643740&perks=1840239774,2680121939,1523832109,2594592626
dimwishlist:item=2150643740&perks=1840239774,2680121939,1523832109,1089671869
dimwishlist:item=2150643740&perks=1840239774,2680121939,1523832109,1427256713
dimwishlist:item=2150643740&perks=1840239774,2680121939,3643424744,2594592626
dimwishlist:item=2150643740&perks=1840239774,2680121939,3643424744,1089671869
dimwishlist:item=2150643740&perks=1840239774,2680121939,3643424744,1427256713
dimwishlist:item=2150643740&perks=1840239774,2680121939,3987942396,2594592626
dimwishlist:item=2150643740&perks=1840239774,2680121939,3987942396,1089671869
dimwishlist:item=2150643740&perks=1840239774,2680121939,3987942396,1427256713


// Ouster Engine - 驱逐引擎 (pve)
//notes: 偏多切输出用。不抱着射不用强求加速突击，不会对使用产生过大影响，当然有了更好。聚合和斩首偏输出，混沌偏日常。 tags:pve
dimwishlist:item=2223968549&perks=1478423395,2822142346,3300816228,3640170453
dimwishlist:item=2223968549&perks=1478423395,2822142346,3300816228,3764420437
dimwishlist:item=2223968549&perks=1478423395,2822142346,3300816228,1546637391
dimwishlist:item=2223968549&perks=1844523823,2822142346,3300816228,3640170453
dimwishlist:item=2223968549&perks=1844523823,2822142346,3300816228,3764420437
dimwishlist:item=2223968549&perks=1844523823,2822142346,3300816228,1546637391
dimwishlist:item=2223968549&perks=1441682018,2822142346,3300816228,3640170453
dimwishlist:item=2223968549&perks=1441682018,2822142346,3300816228,3764420437
dimwishlist:item=2223968549&perks=1441682018,2822142346,3300816228,1546637391
dimwishlist:item=2223968549&perks=3525010810,2822142346,3300816228,3640170453
dimwishlist:item=2223968549&perks=3525010810,2822142346,3300816228,3764420437
dimwishlist:item=2223968549&perks=3525010810,2822142346,3300816228,1546637391
dimwishlist:item=2223968549&perks=3798852852,2822142346,3300816228,3640170453
dimwishlist:item=2223968549&perks=3798852852,2822142346,3300816228,3764420437
dimwishlist:item=2223968549&perks=3798852852,2822142346,3300816228,1546637391


// Salvager's Salvo - 拯救者的喝彩 (pve)
//notes: 输出perk绑定电盾可以复刻老月鞋无限射，也可以跟仪式武器版本一样用来清怪。同样不用强求加速突击，有更好。 tags:pve
dimwishlist:item=2461640837&perks=1478423395,3301904089,1115162408,654512643
dimwishlist:item=2461640837&perks=1478423395,3301904089,1115162408,1546637391
dimwishlist:item=2461640837&perks=1478423395,3301904089,1115162408,2173046394
dimwishlist:item=2461640837&perks=1478423395,3301904089,2396489472,654512643
dimwishlist:item=2461640837&perks=1478423395,3301904089,2396489472,1546637391
dimwishlist:item=2461640837&perks=1478423395,3301904089,2396489472,2173046394
dimwishlist:item=2461640837&perks=1478423395,3301904089,3523296417,654512643
dimwishlist:item=2461640837&perks=1478423395,3301904089,3523296417,1546637391
dimwishlist:item=2461640837&perks=1478423395,3301904089,3523296417,2173046394
dimwishlist:item=2461640837&perks=1478423395,2822142346,1115162408,654512643
dimwishlist:item=2461640837&perks=1478423395,2822142346,1115162408,1546637391
dimwishlist:item=2461640837&perks=1478423395,2822142346,1115162408,2173046394
dimwishlist:item=2461640837&perks=1478423395,2822142346,2396489472,654512643
dimwishlist:item=2461640837&perks=1478423395,2822142346,2396489472,1546637391
dimwishlist:item=2461640837&perks=1478423395,2822142346,2396489472,2173046394
dimwishlist:item=2461640837&perks=1478423395,2822142346,3523296417,654512643
dimwishlist:item=2461640837&perks=1478423395,2822142346,3523296417,1546637391
dimwishlist:item=2461640837&perks=1478423395,2822142346,3523296417,2173046394
dimwishlist:item=2461640837&perks=1478423395,409831596,1115162408,654512643
dimwishlist:item=2461640837&perks=1478423395,409831596,1115162408,1546637391
dimwishlist:item=2461640837&perks=1478423395,409831596,1115162408,2173046394
dimwishlist:item=2461640837&perks=1478423395,409831596,2396489472,654512643
dimwishlist:item=2461640837&perks=1478423395,409831596,2396489472,1546637391
dimwishlist:item=2461640837&perks=1478423395,409831596,2396489472,2173046394
dimwishlist:item=2461640837&perks=1478423395,409831596,3523296417,654512643
dimwishlist:item=2461640837&perks=1478423395,409831596,3523296417,1546637391
dimwishlist:item=2461640837&perks=1478423395,409831596,3523296417,2173046394
dimwishlist:item=2461640837&perks=1441682018,3301904089,1115162408,654512643
dimwishlist:item=2461640837&perks=1441682018,3301904089,1115162408,1546637391
dimwishlist:item=2461640837&perks=1441682018,3301904089,1115162408,2173046394
dimwishlist:item=2461640837&perks=1441682018,3301904089,2396489472,654512643
dimwishlist:item=2461640837&perks=1441682018,3301904089,2396489472,1546637391
dimwishlist:item=2461640837&perks=1441682018,3301904089,2396489472,2173046394
dimwishlist:item=2461640837&perks=1441682018,3301904089,3523296417,654512643
dimwishlist:item=2461640837&perks=1441682018,3301904089,3523296417,1546637391
dimwishlist:item=2461640837&perks=1441682018,3301904089,3523296417,2173046394
dimwishlist:item=2461640837&perks=1441682018,2822142346,1115162408,654512643
dimwishlist:item=2461640837&perks=1441682018,2822142346,1115162408,1546637391
dimwishlist:item=2461640837&perks=1441682018,2822142346,1115162408,2173046394
dimwishlist:item=2461640837&perks=1441682018,2822142346,2396489472,654512643
dimwishlist:item=2461640837&perks=1441682018,2822142346,2396489472,1546637391
dimwishlist:item=2461640837&perks=1441682018,2822142346,2396489472,2173046394
dimwishlist:item=2461640837&perks=1441682018,2822142346,3523296417,654512643
dimwishlist:item=2461640837&perks=1441682018,2822142346,3523296417,1546637391
dimwishlist:item=2461640837&perks=1441682018,2822142346,3523296417,2173046394
dimwishlist:item=2461640837&perks=1441682018,409831596,1115162408,654512643
dimwishlist:item=2461640837&perks=1441682018,409831596,1115162408,1546637391
dimwishlist:item=2461640837&perks=1441682018,409831596,1115162408,2173046394
dimwishlist:item=2461640837&perks=1441682018,409831596,2396489472,654512643
dimwishlist:item=2461640837&perks=1441682018,409831596,2396489472,1546637391
dimwishlist:item=2461640837&perks=1441682018,409831596,2396489472,2173046394
dimwishlist:item=2461640837&perks=1441682018,409831596,3523296417,654512643
dimwishlist:item=2461640837&perks=1441682018,409831596,3523296417,1546637391
dimwishlist:item=2461640837&perks=1441682018,409831596,3523296417,2173046394
dimwishlist:item=2461640837&perks=3525010810,3301904089,1115162408,654512643
dimwishlist:item=2461640837&perks=3525010810,3301904089,1115162408,1546637391
dimwishlist:item=2461640837&perks=3525010810,3301904089,1115162408,2173046394
dimwishlist:item=2461640837&perks=3525010810,3301904089,2396489472,654512643
dimwishlist:item=2461640837&perks=3525010810,3301904089,2396489472,1546637391
dimwishlist:item=2461640837&perks=3525010810,3301904089,2396489472,2173046394
dimwishlist:item=2461640837&perks=3525010810,3301904089,3523296417,654512643
dimwishlist:item=2461640837&perks=3525010810,3301904089,3523296417,1546637391
dimwishlist:item=2461640837&perks=3525010810,3301904089,3523296417,2173046394
dimwishlist:item=2461640837&perks=3525010810,2822142346,1115162408,654512643
dimwishlist:item=2461640837&perks=3525010810,2822142346,1115162408,1546637391
dimwishlist:item=2461640837&perks=3525010810,2822142346,1115162408,2173046394
dimwishlist:item=2461640837&perks=3525010810,2822142346,2396489472,654512643
dimwishlist:item=2461640837&perks=3525010810,2822142346,2396489472,1546637391
dimwishlist:item=2461640837&perks=3525010810,2822142346,2396489472,2173046394
dimwishlist:item=2461640837&perks=3525010810,2822142346,3523296417,654512643
dimwishlist:item=2461640837&perks=3525010810,2822142346,3523296417,1546637391
dimwishlist:item=2461640837&perks=3525010810,2822142346,3523296417,2173046394
dimwishlist:item=2461640837&perks=3525010810,409831596,1115162408,654512643
dimwishlist:item=2461640837&perks=3525010810,409831596,1115162408,1546637391
dimwishlist:item=2461640837&perks=3525010810,409831596,1115162408,2173046394
dimwishlist:item=2461640837&perks=3525010810,409831596,2396489472,654512643
dimwishlist:item=2461640837&perks=3525010810,409831596,2396489472,1546637391
dimwishlist:item=2461640837&perks=3525010810,409831596,2396489472,2173046394
dimwishlist:item=2461640837&perks=3525010810,409831596,3523296417,654512643
dimwishlist:item=2461640837&perks=3525010810,409831596,3523296417,1546637391
dimwishlist:item=2461640837&perks=3525010810,409831596,3523296417,2173046394
dimwishlist:item=2461640837&perks=3798852852,3301904089,1115162408,654512643
dimwishlist:item=2461640837&perks=3798852852,3301904089,1115162408,1546637391
dimwishlist:item=2461640837&perks=3798852852,3301904089,1115162408,2173046394
dimwishlist:item=2461640837&perks=3798852852,3301904089,2396489472,654512643
dimwishlist:item=2461640837&perks=3798852852,3301904089,2396489472,1546637391
dimwishlist:item=2461640837&perks=3798852852,3301904089,2396489472,2173046394
dimwishlist:item=2461640837&perks=3798852852,3301904089,3523296417,654512643
dimwishlist:item=2461640837&perks=3798852852,3301904089,3523296417,1546637391
dimwishlist:item=2461640837&perks=3798852852,3301904089,3523296417,2173046394
dimwishlist:item=2461640837&perks=3798852852,2822142346,1115162408,654512643
dimwishlist:item=2461640837&perks=3798852852,2822142346,1115162408,1546637391
dimwishlist:item=2461640837&perks=3798852852,2822142346,1115162408,2173046394
dimwishlist:item=2461640837&perks=3798852852,2822142346,2396489472,654512643
dimwishlist:item=2461640837&perks=3798852852,2822142346,2396489472,1546637391
dimwishlist:item=2461640837&perks=3798852852,2822142346,2396489472,2173046394
dimwishlist:item=2461640837&perks=3798852852,2822142346,3523296417,654512643
dimwishlist:item=2461640837&perks=3798852852,2822142346,3523296417,1546637391
dimwishlist:item=2461640837&perks=3798852852,2822142346,3523296417,2173046394
dimwishlist:item=2461640837&perks=3798852852,409831596,1115162408,654512643
dimwishlist:item=2461640837&perks=3798852852,409831596,1115162408,1546637391
dimwishlist:item=2461640837&perks=3798852852,409831596,1115162408,2173046394
dimwishlist:item=2461640837&perks=3798852852,409831596,2396489472,654512643
dimwishlist:item=2461640837&perks=3798852852,409831596,2396489472,1546637391
dimwishlist:item=2461640837&perks=3798852852,409831596,2396489472,2173046394
dimwishlist:item=2461640837&perks=3798852852,409831596,3523296417,654512643
dimwishlist:item=2461640837&perks=3798852852,409831596,3523296417,1546637391
dimwishlist:item=2461640837&perks=3798852852,409831596,3523296417,2173046394


// The Slammer - 急锋 (pve)
//notes: 唯一冷钢+急切。功能性拉满了，急切+冷冻钢铁依旧独一份，也有极光破晓同款反击+冷钢移动冰箱，无情+后三个输出perk也可以用来输出。 tags:pve
dimwishlist:item=2466028274&perks=2077819806,3650930298
dimwishlist:item=2466028274&perks=2077819806,3078487919
dimwishlist:item=2466028274&perks=2077819806,3640170453
dimwishlist:item=2466028274&perks=2077819806,3913600130
dimwishlist:item=2466028274&perks=1749209109,3650930298
dimwishlist:item=2466028274&perks=1749209109,3078487919
dimwishlist:item=2466028274&perks=1749209109,3640170453
dimwishlist:item=2466028274&perks=1749209109,3913600130
dimwishlist:item=2466028274&perks=2244851822,3650930298
dimwishlist:item=2466028274&perks=2244851822,3078487919
dimwishlist:item=2466028274&perks=2244851822,3640170453
dimwishlist:item=2466028274&perks=2244851822,3913600130


// D.F.A. - 死从天降 (pve)
//notes: tags:pve
dimwishlist:item=2920548486&perks=839105230,106909392,3038247973,4104185692
dimwishlist:item=2920548486&perks=839105230,106909392,3038247973,4049631843
dimwishlist:item=2920548486&perks=839105230,106909392,3038247973,243981275
dimwishlist:item=2920548486&perks=839105230,1087426260,3038247973,4104185692
dimwishlist:item=2920548486&perks=839105230,1087426260,3038247973,4049631843
dimwishlist:item=2920548486&perks=839105230,1087426260,3038247973,243981275
dimwishlist:item=2920548486&perks=839105230,3230963543,3038247973,4104185692
dimwishlist:item=2920548486&perks=839105230,3230963543,3038247973,4049631843
dimwishlist:item=2920548486&perks=839105230,3230963543,3038247973,243981275
dimwishlist:item=2920548486&perks=1840239774,106909392,3038247973,4104185692
dimwishlist:item=2920548486&perks=1840239774,106909392,3038247973,4049631843
dimwishlist:item=2920548486&perks=1840239774,106909392,3038247973,243981275
dimwishlist:item=2920548486&perks=1840239774,1087426260,3038247973,4104185692
dimwishlist:item=2920548486&perks=1840239774,1087426260,3038247973,4049631843
dimwishlist:item=2920548486&perks=1840239774,1087426260,3038247973,243981275
dimwishlist:item=2920548486&perks=1840239774,3230963543,3038247973,4104185692
dimwishlist:item=2920548486&perks=1840239774,3230963543,3038247973,4049631843
dimwishlist:item=2920548486&perks=1840239774,3230963543,3038247973,243981275
dimwishlist:item=2920548486&perks=4090651448,106909392,3038247973,4104185692
dimwishlist:item=2920548486&perks=4090651448,106909392,3038247973,4049631843
dimwishlist:item=2920548486&perks=4090651448,106909392,3038247973,243981275
dimwishlist:item=2920548486&perks=4090651448,1087426260,3038247973,4104185692
dimwishlist:item=2920548486&perks=4090651448,1087426260,3038247973,4049631843
dimwishlist:item=2920548486&perks=4090651448,1087426260,3038247973,243981275
dimwishlist:item=2920548486&perks=4090651448,3230963543,3038247973,4104185692
dimwishlist:item=2920548486&perks=4090651448,3230963543,3038247973,4049631843
dimwishlist:item=2920548486&perks=4090651448,3230963543,3038247973,243981275


// Mint Retrograde - 完美逆行 (pve)
//notes: tags:pve
dimwishlist:item=3285784871&perks=1478423395,1087426260,3418782618,3078487919
dimwishlist:item=3285784871&perks=1478423395,1087426260,3418782618,1089671869
dimwishlist:item=3285784871&perks=1478423395,1087426260,3418782618,3751912585
dimwishlist:item=3285784871&perks=1478423395,1087426260,3987942396,3078487919
dimwishlist:item=3285784871&perks=1478423395,1087426260,3987942396,1089671869
dimwishlist:item=3285784871&perks=1478423395,1087426260,3987942396,3751912585
dimwishlist:item=3285784871&perks=1478423395,106909392,3418782618,3078487919
dimwishlist:item=3285784871&perks=1478423395,106909392,3418782618,1089671869
dimwishlist:item=3285784871&perks=1478423395,106909392,3418782618,3751912585
dimwishlist:item=3285784871&perks=1478423395,106909392,3987942396,3078487919
dimwishlist:item=3285784871&perks=1478423395,106909392,3987942396,1089671869
dimwishlist:item=3285784871&perks=1478423395,106909392,3987942396,3751912585
dimwishlist:item=3285784871&perks=1478423395,3230963543,3418782618,3078487919
dimwishlist:item=3285784871&perks=1478423395,3230963543,3418782618,1089671869
dimwishlist:item=3285784871&perks=1478423395,3230963543,3418782618,3751912585
dimwishlist:item=3285784871&perks=1478423395,3230963543,3987942396,3078487919
dimwishlist:item=3285784871&perks=1478423395,3230963543,3987942396,1089671869
dimwishlist:item=3285784871&perks=1478423395,3230963543,3987942396,3751912585
dimwishlist:item=3285784871&perks=1478423395,2822142346,3418782618,3078487919
dimwishlist:item=3285784871&perks=1478423395,2822142346,3418782618,1089671869
dimwishlist:item=3285784871&perks=1478423395,2822142346,3418782618,3751912585
dimwishlist:item=3285784871&perks=1478423395,2822142346,3987942396,3078487919
dimwishlist:item=3285784871&perks=1478423395,2822142346,3987942396,1089671869
dimwishlist:item=3285784871&perks=1478423395,2822142346,3987942396,3751912585
dimwishlist:item=3285784871&perks=1441682018,1087426260,3418782618,3078487919
dimwishlist:item=3285784871&perks=1441682018,1087426260,3418782618,1089671869
dimwishlist:item=3285784871&perks=1441682018,1087426260,3418782618,3751912585
dimwishlist:item=3285784871&perks=1441682018,1087426260,3987942396,3078487919
dimwishlist:item=3285784871&perks=1441682018,1087426260,3987942396,1089671869
dimwishlist:item=3285784871&perks=1441682018,1087426260,3987942396,3751912585
dimwishlist:item=3285784871&perks=1441682018,106909392,3418782618,3078487919
dimwishlist:item=3285784871&perks=1441682018,106909392,3418782618,1089671869
dimwishlist:item=3285784871&perks=1441682018,106909392,3418782618,3751912585
dimwishlist:item=3285784871&perks=1441682018,106909392,3987942396,3078487919
dimwishlist:item=3285784871&perks=1441682018,106909392,3987942396,1089671869
dimwishlist:item=3285784871&perks=1441682018,106909392,3987942396,3751912585
dimwishlist:item=3285784871&perks=1441682018,3230963543,3418782618,3078487919
dimwishlist:item=3285784871&perks=1441682018,3230963543,3418782618,1089671869
dimwishlist:item=3285784871&perks=1441682018,3230963543,3418782618,3751912585
dimwishlist:item=3285784871&perks=1441682018,3230963543,3987942396,3078487919
dimwishlist:item=3285784871&perks=1441682018,3230963543,3987942396,1089671869
dimwishlist:item=3285784871&perks=1441682018,3230963543,3987942396,3751912585
dimwishlist:item=3285784871&perks=1441682018,2822142346,3418782618,3078487919
dimwishlist:item=3285784871&perks=1441682018,2822142346,3418782618,1089671869
dimwishlist:item=3285784871&perks=1441682018,2822142346,3418782618,3751912585
dimwishlist:item=3285784871&perks=1441682018,2822142346,3987942396,3078487919
dimwishlist:item=3285784871&perks=1441682018,2822142346,3987942396,1089671869
dimwishlist:item=3285784871&perks=1441682018,2822142346,3987942396,3751912585
dimwishlist:item=3285784871&perks=3525010810,1087426260,3418782618,3078487919
dimwishlist:item=3285784871&perks=3525010810,1087426260,3418782618,1089671869
dimwishlist:item=3285784871&perks=3525010810,1087426260,3418782618,3751912585
dimwishlist:item=3285784871&perks=3525010810,1087426260,3987942396,3078487919
dimwishlist:item=3285784871&perks=3525010810,1087426260,3987942396,1089671869
dimwishlist:item=3285784871&perks=3525010810,1087426260,3987942396,3751912585
dimwishlist:item=3285784871&perks=3525010810,106909392,3418782618,3078487919
dimwishlist:item=3285784871&perks=3525010810,106909392,3418782618,1089671869
dimwishlist:item=3285784871&perks=3525010810,106909392,3418782618,3751912585
dimwishlist:item=3285784871&perks=3525010810,106909392,3987942396,3078487919
dimwishlist:item=3285784871&perks=3525010810,106909392,3987942396,1089671869
dimwishlist:item=3285784871&perks=3525010810,106909392,3987942396,3751912585
dimwishlist:item=3285784871&perks=3525010810,3230963543,3418782618,3078487919
dimwishlist:item=3285784871&perks=3525010810,3230963543,3418782618,1089671869
dimwishlist:item=3285784871&perks=3525010810,3230963543,3418782618,3751912585
dimwishlist:item=3285784871&perks=3525010810,3230963543,3987942396,3078487919
dimwishlist:item=3285784871&perks=3525010810,3230963543,3987942396,1089671869
dimwishlist:item=3285784871&perks=3525010810,3230963543,3987942396,3751912585
dimwishlist:item=3285784871&perks=3525010810,2822142346,3418782618,3078487919
dimwishlist:item=3285784871&perks=3525010810,2822142346,3418782618,1089671869
dimwishlist:item=3285784871&perks=3525010810,2822142346,3418782618,3751912585
dimwishlist:item=3285784871&perks=3525010810,2822142346,3987942396,3078487919
dimwishlist:item=3285784871&perks=3525010810,2822142346,3987942396,1089671869
dimwishlist:item=3285784871&perks=3525010810,2822142346,3987942396,3751912585
dimwishlist:item=3285784871&perks=3798852852,1087426260,3418782618,3078487919
dimwishlist:item=3285784871&perks=3798852852,1087426260,3418782618,1089671869
dimwishlist:item=3285784871&perks=3798852852,1087426260,3418782618,3751912585
dimwishlist:item=3285784871&perks=3798852852,1087426260,3987942396,3078487919
dimwishlist:item=3285784871&perks=3798852852,1087426260,3987942396,1089671869
dimwishlist:item=3285784871&perks=3798852852,1087426260,3987942396,3751912585
dimwishlist:item=3285784871&perks=3798852852,106909392,3418782618,3078487919
dimwishlist:item=3285784871&perks=3798852852,106909392,3418782618,1089671869
dimwishlist:item=3285784871&perks=3798852852,106909392,3418782618,3751912585
dimwishlist:item=3285784871&perks=3798852852,106909392,3987942396,3078487919
dimwishlist:item=3285784871&perks=3798852852,106909392,3987942396,1089671869
dimwishlist:item=3285784871&perks=3798852852,106909392,3987942396,3751912585
dimwishlist:item=3285784871&perks=3798852852,3230963543,3418782618,3078487919
dimwishlist:item=3285784871&perks=3798852852,3230963543,3418782618,1089671869
dimwishlist:item=3285784871&perks=3798852852,3230963543,3418782618,3751912585
dimwishlist:item=3285784871&perks=3798852852,3230963543,3987942396,3078487919
dimwishlist:item=3285784871&perks=3798852852,3230963543,3987942396,1089671869
dimwishlist:item=3285784871&perks=3798852852,3230963543,3987942396,3751912585
dimwishlist:item=3285784871&perks=3798852852,2822142346,3418782618,3078487919
dimwishlist:item=3285784871&perks=3798852852,2822142346,3418782618,1089671869
dimwishlist:item=3285784871&perks=3798852852,2822142346,3418782618,3751912585
dimwishlist:item=3285784871&perks=3798852852,2822142346,3987942396,3078487919
dimwishlist:item=3285784871&perks=3798852852,2822142346,3987942396,1089671869
dimwishlist:item=3285784871&perks=3798852852,2822142346,3987942396,3751912585


// The Palindrome - 回文 (pve)
//notes: tags:pve
dimwishlist:item=3303271523&perks=839105230,1087426260,3038247973,2173046394
dimwishlist:item=3303271523&perks=839105230,1087426260,3038247973,3218042543
dimwishlist:item=3303271523&perks=839105230,106909392,3038247973,2173046394
dimwishlist:item=3303271523&perks=839105230,106909392,3038247973,3218042543
dimwishlist:item=3303271523&perks=839105230,3230963543,3038247973,2173046394
dimwishlist:item=3303271523&perks=839105230,3230963543,3038247973,3218042543
dimwishlist:item=3303271523&perks=839105230,791862061,3038247973,2173046394
dimwishlist:item=3303271523&perks=839105230,791862061,3038247973,3218042543
dimwishlist:item=3303271523&perks=4090651448,1087426260,3038247973,2173046394
dimwishlist:item=3303271523&perks=4090651448,1087426260,3038247973,3218042543
dimwishlist:item=3303271523&perks=4090651448,106909392,3038247973,2173046394
dimwishlist:item=3303271523&perks=4090651448,106909392,3038247973,3218042543
dimwishlist:item=3303271523&perks=4090651448,3230963543,3038247973,2173046394
dimwishlist:item=3303271523&perks=4090651448,3230963543,3038247973,3218042543
dimwishlist:item=3303271523&perks=4090651448,791862061,3038247973,2173046394
dimwishlist:item=3303271523&perks=4090651448,791862061,3038247973,3218042543
dimwishlist:item=3303271523&perks=1840239774,1087426260,3038247973,2173046394
dimwishlist:item=3303271523&perks=1840239774,1087426260,3038247973,3218042543
dimwishlist:item=3303271523&perks=1840239774,106909392,3038247973,2173046394
dimwishlist:item=3303271523&perks=1840239774,106909392,3038247973,3218042543
dimwishlist:item=3303271523&perks=1840239774,3230963543,3038247973,2173046394
dimwishlist:item=3303271523&perks=1840239774,3230963543,3038247973,3218042543
dimwishlist:item=3303271523&perks=1840239774,791862061,3038247973,2173046394
dimwishlist:item=3303271523&perks=1840239774,791862061,3038247973,3218042543


// The Palindrome - 回文 (pvp)
//notes: tags:pvp
dimwishlist:item=3303271523&perks=4090651448,3142289711,3038247973,47981717
dimwishlist:item=3303271523&perks=4090651448,3142289711,3038247973,2720533289
dimwishlist:item=3303271523&perks=4090651448,3142289711,3038247973,3081867624
dimwishlist:item=3303271523&perks=4090651448,3142289711,2579169598,47981717
dimwishlist:item=3303271523&perks=4090651448,3142289711,2579169598,2720533289
dimwishlist:item=3303271523&perks=4090651448,3142289711,2579169598,3081867624
dimwishlist:item=3303271523&perks=4090651448,791862061,3038247973,47981717
dimwishlist:item=3303271523&perks=4090651448,791862061,3038247973,2720533289
dimwishlist:item=3303271523&perks=4090651448,791862061,3038247973,3081867624
dimwishlist:item=3303271523&perks=4090651448,791862061,2579169598,47981717
dimwishlist:item=3303271523&perks=4090651448,791862061,2579169598,2720533289
dimwishlist:item=3303271523&perks=4090651448,791862061,2579169598,3081867624
dimwishlist:item=3303271523&perks=4090651448,1561002382,3038247973,47981717
dimwishlist:item=3303271523&perks=4090651448,1561002382,3038247973,2720533289
dimwishlist:item=3303271523&perks=4090651448,1561002382,3038247973,3081867624
dimwishlist:item=3303271523&perks=4090651448,1561002382,2579169598,47981717
dimwishlist:item=3303271523&perks=4090651448,1561002382,2579169598,2720533289
dimwishlist:item=3303271523&perks=4090651448,1561002382,2579169598,3081867624
dimwishlist:item=3303271523&perks=3250034553,3142289711,3038247973,47981717
dimwishlist:item=3303271523&perks=3250034553,3142289711,3038247973,2720533289
dimwishlist:item=3303271523&perks=3250034553,3142289711,3038247973,3081867624
dimwishlist:item=3303271523&perks=3250034553,3142289711,2579169598,47981717
dimwishlist:item=3303271523&perks=3250034553,3142289711,2579169598,2720533289
dimwishlist:item=3303271523&perks=3250034553,3142289711,2579169598,3081867624
dimwishlist:item=3303271523&perks=3250034553,791862061,3038247973,47981717
dimwishlist:item=3303271523&perks=3250034553,791862061,3038247973,2720533289
dimwishlist:item=3303271523&perks=3250034553,791862061,3038247973,3081867624
dimwishlist:item=3303271523&perks=3250034553,791862061,2579169598,47981717
dimwishlist:item=3303271523&perks=3250034553,791862061,2579169598,2720533289
dimwishlist:item=3303271523&perks=3250034553,791862061,2579169598,3081867624
dimwishlist:item=3303271523&perks=3250034553,1561002382,3038247973,47981717
dimwishlist:item=3303271523&perks=3250034553,1561002382,3038247973,2720533289
dimwishlist:item=3303271523&perks=3250034553,1561002382,3038247973,3081867624
dimwishlist:item=3303271523&perks=3250034553,1561002382,2579169598,47981717
dimwishlist:item=3303271523&perks=3250034553,1561002382,2579169598,2720533289
dimwishlist:item=3303271523&perks=3250034553,1561002382,2579169598,3081867624
dimwishlist:item=3303271523&perks=839105230,3142289711,3038247973,47981717
dimwishlist:item=3303271523&perks=839105230,3142289711,3038247973,2720533289
dimwishlist:item=3303271523&perks=839105230,3142289711,3038247973,3081867624
dimwishlist:item=3303271523&perks=839105230,3142289711,2579169598,47981717
dimwishlist:item=3303271523&perks=839105230,3142289711,2579169598,2720533289
dimwishlist:item=3303271523&perks=839105230,3142289711,2579169598,3081867624
dimwishlist:item=3303271523&perks=839105230,791862061,3038247973,47981717
dimwishlist:item=3303271523&perks=839105230,791862061,3038247973,2720533289
dimwishlist:item=3303271523&perks=839105230,791862061,3038247973,3081867624
dimwishlist:item=3303271523&perks=839105230,791862061,2579169598,47981717
dimwishlist:item=3303271523&perks=839105230,791862061,2579169598,2720533289
dimwishlist:item=3303271523&perks=839105230,791862061,2579169598,3081867624
dimwishlist:item=3303271523&perks=839105230,1561002382,3038247973,47981717
dimwishlist:item=3303271523&perks=839105230,1561002382,3038247973,2720533289
dimwishlist:item=3303271523&perks=839105230,1561002382,3038247973,3081867624
dimwishlist:item=3303271523&perks=839105230,1561002382,2579169598,47981717
dimwishlist:item=3303271523&perks=839105230,1561002382,2579169598,2720533289
dimwishlist:item=3303271523&perks=839105230,1561002382,2579169598,3081867624
dimwishlist:item=3303271523&perks=1840239774,3142289711,3038247973,47981717
dimwishlist:item=3303271523&perks=1840239774,3142289711,3038247973,2720533289
dimwishlist:item=3303271523&perks=1840239774,3142289711,3038247973,3081867624
dimwishlist:item=3303271523&perks=1840239774,3142289711,2579169598,47981717
dimwishlist:item=3303271523&perks=1840239774,3142289711,2579169598,2720533289
dimwishlist:item=3303271523&perks=1840239774,3142289711,2579169598,3081867624
dimwishlist:item=3303271523&perks=1840239774,791862061,3038247973,47981717
dimwishlist:item=3303271523&perks=1840239774,791862061,3038247973,2720533289
dimwishlist:item=3303271523&perks=1840239774,791862061,3038247973,3081867624
dimwishlist:item=3303271523&perks=1840239774,791862061,2579169598,47981717
dimwishlist:item=3303271523&perks=1840239774,791862061,2579169598,2720533289
dimwishlist:item=3303271523&perks=1840239774,791862061,2579169598,3081867624
dimwishlist:item=3303271523&perks=1840239774,1561002382,3038247973,47981717
dimwishlist:item=3303271523&perks=1840239774,1561002382,3038247973,2720533289
dimwishlist:item=3303271523&perks=1840239774,1561002382,3038247973,3081867624
dimwishlist:item=3303271523&perks=1840239774,1561002382,2579169598,47981717
dimwishlist:item=3303271523&perks=1840239774,1561002382,2579169598,2720533289
dimwishlist:item=3303271523&perks=1840239774,1561002382,2579169598,3081867624


// Null Composure - 零镇静 (pve)
//notes: 优质融合。抱着输出或者三切都行，日常用洪涝清怪也有重建丰盈这种过量弹匣，比老的强多了。 tags:pve
dimwishlist:item=3613444087&perks=839105230,689005463,1523832109,2594592626
dimwishlist:item=3613444087&perks=839105230,689005463,1523832109,1089671869
dimwishlist:item=3613444087&perks=839105230,689005463,1523832109,1427256713
dimwishlist:item=3613444087&perks=839105230,689005463,3643424744,2594592626
dimwishlist:item=3613444087&perks=839105230,689005463,3643424744,1089671869
dimwishlist:item=3613444087&perks=839105230,689005463,3643424744,1427256713
dimwishlist:item=3613444087&perks=839105230,689005463,3987942396,2594592626
dimwishlist:item=3613444087&perks=839105230,689005463,3987942396,1089671869
dimwishlist:item=3613444087&perks=839105230,689005463,3987942396,1427256713
dimwishlist:item=3613444087&perks=839105230,2680121939,1523832109,2594592626
dimwishlist:item=3613444087&perks=839105230,2680121939,1523832109,1089671869
dimwishlist:item=3613444087&perks=839105230,2680121939,1523832109,1427256713
dimwishlist:item=3613444087&perks=839105230,2680121939,3643424744,2594592626
dimwishlist:item=3613444087&perks=839105230,2680121939,3643424744,1089671869
dimwishlist:item=3613444087&perks=839105230,2680121939,3643424744,1427256713
dimwishlist:item=3613444087&perks=839105230,2680121939,3987942396,2594592626
dimwishlist:item=3613444087&perks=839105230,2680121939,3987942396,1089671869
dimwishlist:item=3613444087&perks=839105230,2680121939,3987942396,1427256713
dimwishlist:item=3613444087&perks=4090651448,689005463,1523832109,2594592626
dimwishlist:item=3613444087&perks=4090651448,689005463,1523832109,1089671869
dimwishlist:item=3613444087&perks=4090651448,689005463,1523832109,1427256713
dimwishlist:item=3613444087&perks=4090651448,689005463,3643424744,2594592626
dimwishlist:item=3613444087&perks=4090651448,689005463,3643424744,1089671869
dimwishlist:item=3613444087&perks=4090651448,689005463,3643424744,1427256713
dimwishlist:item=3613444087&perks=4090651448,689005463,3987942396,2594592626
dimwishlist:item=3613444087&perks=4090651448,689005463,3987942396,1089671869
dimwishlist:item=3613444087&perks=4090651448,689005463,3987942396,1427256713
dimwishlist:item=3613444087&perks=4090651448,2680121939,1523832109,2594592626
dimwishlist:item=3613444087&perks=4090651448,2680121939,1523832109,1089671869
dimwishlist:item=3613444087&perks=4090651448,2680121939,1523832109,1427256713
dimwishlist:item=3613444087&perks=4090651448,2680121939,3643424744,2594592626
dimwishlist:item=3613444087&perks=4090651448,2680121939,3643424744,1089671869
dimwishlist:item=3613444087&perks=4090651448,2680121939,3643424744,1427256713
dimwishlist:item=3613444087&perks=4090651448,2680121939,3987942396,2594592626
dimwishlist:item=3613444087&perks=4090651448,2680121939,3987942396,1089671869
dimwishlist:item=3613444087&perks=4090651448,2680121939,3987942396,1427256713
dimwishlist:item=3613444087&perks=1840239774,689005463,1523832109,2594592626
dimwishlist:item=3613444087&perks=1840239774,689005463,1523832109,1089671869
dimwishlist:item=3613444087&perks=1840239774,689005463,1523832109,1427256713
dimwishlist:item=3613444087&perks=1840239774,689005463,3643424744,2594592626
dimwishlist:item=3613444087&perks=1840239774,689005463,3643424744,1089671869
dimwishlist:item=3613444087&perks=1840239774,689005463,3643424744,1427256713
dimwishlist:item=3613444087&perks=1840239774,689005463,3987942396,2594592626
dimwishlist:item=3613444087&perks=1840239774,689005463,3987942396,1089671869
dimwishlist:item=3613444087&perks=1840239774,689005463,3987942396,1427256713
dimwishlist:item=3613444087&perks=1840239774,2680121939,1523832109,2594592626
dimwishlist:item=3613444087&perks=1840239774,2680121939,1523832109,1089671869
dimwishlist:item=3613444087&perks=1840239774,2680121939,1523832109,1427256713
dimwishlist:item=3613444087&perks=1840239774,2680121939,3643424744,2594592626
dimwishlist:item=3613444087&perks=1840239774,2680121939,3643424744,1089671869
dimwishlist:item=3613444087&perks=1840239774,2680121939,3643424744,1427256713
dimwishlist:item=3613444087&perks=1840239774,2680121939,3987942396,2594592626
dimwishlist:item=3613444087&perks=1840239774,2680121939,3987942396,1089671869
dimwishlist:item=3613444087&perks=1840239774,2680121939,3987942396,1427256713


// Ouster Engine - 驱逐引擎 (pve)
//notes: 偏多切输出用。不抱着射不用强求加速突击，不会对使用产生过大影响，当然有了更好。聚合和斩首偏输出，混沌偏日常。 tags:pve
dimwishlist:item=3718184802&perks=1478423395,2822142346,3300816228,3640170453
dimwishlist:item=3718184802&perks=1478423395,2822142346,3300816228,3764420437
dimwishlist:item=3718184802&perks=1478423395,2822142346,3300816228,1546637391
dimwishlist:item=3718184802&perks=1844523823,2822142346,3300816228,3640170453
dimwishlist:item=3718184802&perks=1844523823,2822142346,3300816228,3764420437
dimwishlist:item=3718184802&perks=1844523823,2822142346,3300816228,1546637391
dimwishlist:item=3718184802&perks=1441682018,2822142346,3300816228,3640170453
dimwishlist:item=3718184802&perks=1441682018,2822142346,3300816228,3764420437
dimwishlist:item=3718184802&perks=1441682018,2822142346,3300816228,1546637391
dimwishlist:item=3718184802&perks=3525010810,2822142346,3300816228,3640170453
dimwishlist:item=3718184802&perks=3525010810,2822142346,3300816228,3764420437
dimwishlist:item=3718184802&perks=3525010810,2822142346,3300816228,1546637391
dimwishlist:item=3718184802&perks=3798852852,2822142346,3300816228,3640170453
dimwishlist:item=3718184802&perks=3798852852,2822142346,3300816228,3764420437
dimwishlist:item=3718184802&perks=3798852852,2822142346,3300816228,1546637391


// The Hothead - 热血上头 (pve)
//notes: 顶级输出火箭筒。组合完美，按自己需求搭配。爆炸光能增伤较低，一般就日常看它触发方便用用，输出还是用前三个高数值增伤。 tags:pve
dimwishlist:item=3960301269&perks=1478423395,2822142346,3300816228,3078487919
dimwishlist:item=3960301269&perks=1478423395,2822142346,3300816228,3764420437
dimwishlist:item=3960301269&perks=1478423395,2822142346,3300816228,1089671869
dimwishlist:item=3960301269&perks=1478423395,2822142346,3987942396,3078487919
dimwishlist:item=3960301269&perks=1478423395,2822142346,3987942396,3764420437
dimwishlist:item=3960301269&perks=1478423395,2822142346,3987942396,1089671869
dimwishlist:item=3960301269&perks=1478423395,2822142346,1523832109,3078487919
dimwishlist:item=3960301269&perks=1478423395,2822142346,1523832109,3764420437
dimwishlist:item=3960301269&perks=1478423395,2822142346,1523832109,1089671869
dimwishlist:item=3960301269&perks=1478423395,3796465595,3300816228,3078487919
dimwishlist:item=3960301269&perks=1478423395,3796465595,3300816228,3764420437
dimwishlist:item=3960301269&perks=1478423395,3796465595,3300816228,1089671869
dimwishlist:item=3960301269&perks=1478423395,3796465595,3987942396,3078487919
dimwishlist:item=3960301269&perks=1478423395,3796465595,3987942396,3764420437
dimwishlist:item=3960301269&perks=1478423395,3796465595,3987942396,1089671869
dimwishlist:item=3960301269&perks=1478423395,3796465595,1523832109,3078487919
dimwishlist:item=3960301269&perks=1478423395,3796465595,1523832109,3764420437
dimwishlist:item=3960301269&perks=1478423395,3796465595,1523832109,1089671869
dimwishlist:item=3960301269&perks=1441682018,2822142346,3300816228,3078487919
dimwishlist:item=3960301269&perks=1441682018,2822142346,3300816228,3764420437
dimwishlist:item=3960301269&perks=1441682018,2822142346,3300816228,1089671869
dimwishlist:item=3960301269&perks=1441682018,2822142346,3987942396,3078487919
dimwishlist:item=3960301269&perks=1441682018,2822142346,3987942396,3764420437
dimwishlist:item=3960301269&perks=1441682018,2822142346,3987942396,1089671869
dimwishlist:item=3960301269&perks=1441682018,2822142346,1523832109,3078487919
dimwishlist:item=3960301269&perks=1441682018,2822142346,1523832109,3764420437
dimwishlist:item=3960301269&perks=1441682018,2822142346,1523832109,1089671869
dimwishlist:item=3960301269&perks=1441682018,3796465595,3300816228,3078487919
dimwishlist:item=3960301269&perks=1441682018,3796465595,3300816228,3764420437
dimwishlist:item=3960301269&perks=1441682018,3796465595,3300816228,1089671869
dimwishlist:item=3960301269&perks=1441682018,3796465595,3987942396,3078487919
dimwishlist:item=3960301269&perks=1441682018,3796465595,3987942396,3764420437
dimwishlist:item=3960301269&perks=1441682018,3796465595,3987942396,1089671869
dimwishlist:item=3960301269&perks=1441682018,3796465595,1523832109,3078487919
dimwishlist:item=3960301269&perks=1441682018,3796465595,1523832109,3764420437
dimwishlist:item=3960301269&perks=1441682018,3796465595,1523832109,1089671869
dimwishlist:item=3960301269&perks=3525010810,2822142346,3300816228,3078487919
dimwishlist:item=3960301269&perks=3525010810,2822142346,3300816228,3764420437
dimwishlist:item=3960301269&perks=3525010810,2822142346,3300816228,1089671869
dimwishlist:item=3960301269&perks=3525010810,2822142346,3987942396,3078487919
dimwishlist:item=3960301269&perks=3525010810,2822142346,3987942396,3764420437
dimwishlist:item=3960301269&perks=3525010810,2822142346,3987942396,1089671869
dimwishlist:item=3960301269&perks=3525010810,2822142346,1523832109,3078487919
dimwishlist:item=3960301269&perks=3525010810,2822142346,1523832109,3764420437
dimwishlist:item=3960301269&perks=3525010810,2822142346,1523832109,1089671869
dimwishlist:item=3960301269&perks=3525010810,3796465595,3300816228,3078487919
dimwishlist:item=3960301269&perks=3525010810,3796465595,3300816228,3764420437
dimwishlist:item=3960301269&perks=3525010810,3796465595,3300816228,1089671869
dimwishlist:item=3960301269&perks=3525010810,3796465595,3987942396,3078487919
dimwishlist:item=3960301269&perks=3525010810,3796465595,3987942396,3764420437
dimwishlist:item=3960301269&perks=3525010810,3796465595,3987942396,1089671869
dimwishlist:item=3960301269&perks=3525010810,3796465595,1523832109,3078487919
dimwishlist:item=3960301269&perks=3525010810,3796465595,1523832109,3764420437
dimwishlist:item=3960301269&perks=3525010810,3796465595,1523832109,1089671869
dimwishlist:item=3960301269&perks=3798852852,2822142346,3300816228,3078487919
dimwishlist:item=3960301269&perks=3798852852,2822142346,3300816228,3764420437
dimwishlist:item=3960301269&perks=3798852852,2822142346,3300816228,1089671869
dimwishlist:item=3960301269&perks=3798852852,2822142346,3987942396,3078487919
dimwishlist:item=3960301269&perks=3798852852,2822142346,3987942396,3764420437
dimwishlist:item=3960301269&perks=3798852852,2822142346,3987942396,1089671869
dimwishlist:item=3960301269&perks=3798852852,2822142346,1523832109,3078487919
dimwishlist:item=3960301269&perks=3798852852,2822142346,1523832109,3764420437
dimwishlist:item=3960301269&perks=3798852852,2822142346,1523832109,1089671869
dimwishlist:item=3960301269&perks=3798852852,3796465595,3300816228,3078487919
dimwishlist:item=3960301269&perks=3798852852,3796465595,3300816228,3764420437
dimwishlist:item=3960301269&perks=3798852852,3796465595,3300816228,1089671869
dimwishlist:item=3960301269&perks=3798852852,3796465595,3987942396,3078487919
dimwishlist:item=3960301269&perks=3798852852,3796465595,3987942396,3764420437
dimwishlist:item=3960301269&perks=3798852852,3796465595,3987942396,1089671869
dimwishlist:item=3960301269&perks=3798852852,3796465595,1523832109,3078487919
dimwishlist:item=3960301269&perks=3798852852,3796465595,1523832109,3764420437
dimwishlist:item=3960301269&perks=3798852852,3796465595,1523832109,1089671869


