title:高塔聚焦-反叛武器周
description:凯旋纪念碑

// Action Item - 行动项目 (pve)
//notes: 高质量激光枪，可刷。起源特性+解构快速破屏障 tags:pve
dimwishlist:item=437854388&perks=1840239774,2680121939,3993379141,4198902903
dimwishlist:item=437854388&perks=1840239774,2680121939,3993379141,365154968
dimwishlist:item=437854388&perks=1840239774,2680121939,3993379141,2922950962
dimwishlist:item=437854388&perks=1840239774,2680121939,3418782618,4198902903
dimwishlist:item=437854388&perks=1840239774,2680121939,3418782618,365154968
dimwishlist:item=437854388&perks=1840239774,2680121939,3418782618,2922950962
dimwishlist:item=437854388&perks=1840239774,2680121939,1955165503,4198902903
dimwishlist:item=437854388&perks=1840239774,2680121939,1955165503,365154968
dimwishlist:item=437854388&perks=1840239774,2680121939,1955165503,2922950962
dimwishlist:item=437854388&perks=1840239774,732557052,3993379141,4198902903
dimwishlist:item=437854388&perks=1840239774,732557052,3993379141,365154968
dimwishlist:item=437854388&perks=1840239774,732557052,3993379141,2922950962
dimwishlist:item=437854388&perks=1840239774,732557052,3418782618,4198902903
dimwishlist:item=437854388&perks=1840239774,732557052,3418782618,365154968
dimwishlist:item=437854388&perks=1840239774,732557052,3418782618,2922950962
dimwishlist:item=437854388&perks=1840239774,732557052,1955165503,4198902903
dimwishlist:item=437854388&perks=1840239774,732557052,1955165503,365154968
dimwishlist:item=437854388&perks=1840239774,732557052,1955165503,2922950962
dimwishlist:item=437854388&perks=4090651448,2680121939,3993379141,4198902903
dimwishlist:item=437854388&perks=4090651448,2680121939,3993379141,365154968
dimwishlist:item=437854388&perks=4090651448,2680121939,3993379141,2922950962
dimwishlist:item=437854388&perks=4090651448,2680121939,3418782618,4198902903
dimwishlist:item=437854388&perks=4090651448,2680121939,3418782618,365154968
dimwishlist:item=437854388&perks=4090651448,2680121939,3418782618,2922950962
dimwishlist:item=437854388&perks=4090651448,2680121939,1955165503,4198902903
dimwishlist:item=437854388&perks=4090651448,2680121939,1955165503,365154968
dimwishlist:item=437854388&perks=4090651448,2680121939,1955165503,2922950962
dimwishlist:item=437854388&perks=4090651448,732557052,3993379141,4198902903
dimwishlist:item=437854388&perks=4090651448,732557052,3993379141,365154968
dimwishlist:item=437854388&perks=4090651448,732557052,3993379141,2922950962
dimwishlist:item=437854388&perks=4090651448,732557052,3418782618,4198902903
dimwishlist:item=437854388&perks=4090651448,732557052,3418782618,365154968
dimwishlist:item=437854388&perks=4090651448,732557052,3418782618,2922950962
dimwishlist:item=437854388&perks=4090651448,732557052,1955165503,4198902903
dimwishlist:item=437854388&perks=4090651448,732557052,1955165503,365154968
dimwishlist:item=437854388&perks=4090651448,732557052,1955165503,2922950962
dimwishlist:item=437854388&perks=1392496348,2680121939,3993379141,4198902903
dimwishlist:item=437854388&perks=1392496348,2680121939,3993379141,365154968
dimwishlist:item=437854388&perks=1392496348,2680121939,3993379141,2922950962
dimwishlist:item=437854388&perks=1392496348,2680121939,3418782618,4198902903
dimwishlist:item=437854388&perks=1392496348,2680121939,3418782618,365154968
dimwishlist:item=437854388&perks=1392496348,2680121939,3418782618,2922950962
dimwishlist:item=437854388&perks=1392496348,2680121939,1955165503,4198902903
dimwishlist:item=437854388&perks=1392496348,2680121939,1955165503,365154968
dimwishlist:item=437854388&perks=1392496348,2680121939,1955165503,2922950962
dimwishlist:item=437854388&perks=1392496348,732557052,3993379141,4198902903
dimwishlist:item=437854388&perks=1392496348,732557052,3993379141,365154968
dimwishlist:item=437854388&perks=1392496348,732557052,3993379141,2922950962
dimwishlist:item=437854388&perks=1392496348,732557052,3418782618,4198902903
dimwishlist:item=437854388&perks=1392496348,732557052,3418782618,365154968
dimwishlist:item=437854388&perks=1392496348,732557052,3418782618,2922950962
dimwishlist:item=437854388&perks=1392496348,732557052,1955165503,4198902903
dimwishlist:item=437854388&perks=1392496348,732557052,1955165503,365154968
dimwishlist:item=437854388&perks=1392496348,732557052,1955165503,2922950962
dimwishlist:item=437854388&perks=1482024992,2680121939,3993379141,4198902903
dimwishlist:item=437854388&perks=1482024992,2680121939,3993379141,365154968
dimwishlist:item=437854388&perks=1482024992,2680121939,3993379141,2922950962
dimwishlist:item=437854388&perks=1482024992,2680121939,3418782618,4198902903
dimwishlist:item=437854388&perks=1482024992,2680121939,3418782618,365154968
dimwishlist:item=437854388&perks=1482024992,2680121939,3418782618,2922950962
dimwishlist:item=437854388&perks=1482024992,2680121939,1955165503,4198902903
dimwishlist:item=437854388&perks=1482024992,2680121939,1955165503,365154968
dimwishlist:item=437854388&perks=1482024992,2680121939,1955165503,2922950962
dimwishlist:item=437854388&perks=1482024992,732557052,3993379141,4198902903
dimwishlist:item=437854388&perks=1482024992,732557052,3993379141,365154968
dimwishlist:item=437854388&perks=1482024992,732557052,3993379141,2922950962
dimwishlist:item=437854388&perks=1482024992,732557052,3418782618,4198902903
dimwishlist:item=437854388&perks=1482024992,732557052,3418782618,365154968
dimwishlist:item=437854388&perks=1482024992,732557052,3418782618,2922950962
dimwishlist:item=437854388&perks=1482024992,732557052,1955165503,4198902903
dimwishlist:item=437854388&perks=1482024992,732557052,1955165503,365154968
dimwishlist:item=437854388&perks=1482024992,732557052,1955165503,2922950962


// Action Item - 行动项目 (pve)
//notes: 高质量激光枪，可刷。起源特性+解构快速破屏障 tags:pve
dimwishlist:item=437854389&perks=1840239774,2680121939,3993379141,4198902903
dimwishlist:item=437854389&perks=1840239774,2680121939,3993379141,365154968
dimwishlist:item=437854389&perks=1840239774,2680121939,3993379141,2922950962
dimwishlist:item=437854389&perks=1840239774,2680121939,3418782618,4198902903
dimwishlist:item=437854389&perks=1840239774,2680121939,3418782618,365154968
dimwishlist:item=437854389&perks=1840239774,2680121939,3418782618,2922950962
dimwishlist:item=437854389&perks=1840239774,2680121939,1955165503,4198902903
dimwishlist:item=437854389&perks=1840239774,2680121939,1955165503,365154968
dimwishlist:item=437854389&perks=1840239774,2680121939,1955165503,2922950962
dimwishlist:item=437854389&perks=1840239774,732557052,3993379141,4198902903
dimwishlist:item=437854389&perks=1840239774,732557052,3993379141,365154968
dimwishlist:item=437854389&perks=1840239774,732557052,3993379141,2922950962
dimwishlist:item=437854389&perks=1840239774,732557052,3418782618,4198902903
dimwishlist:item=437854389&perks=1840239774,732557052,3418782618,365154968
dimwishlist:item=437854389&perks=1840239774,732557052,3418782618,2922950962
dimwishlist:item=437854389&perks=1840239774,732557052,1955165503,4198902903
dimwishlist:item=437854389&perks=1840239774,732557052,1955165503,365154968
dimwishlist:item=437854389&perks=1840239774,732557052,1955165503,2922950962
dimwishlist:item=437854389&perks=4090651448,2680121939,3993379141,4198902903
dimwishlist:item=437854389&perks=4090651448,2680121939,3993379141,365154968
dimwishlist:item=437854389&perks=4090651448,2680121939,3993379141,2922950962
dimwishlist:item=437854389&perks=4090651448,2680121939,3418782618,4198902903
dimwishlist:item=437854389&perks=4090651448,2680121939,3418782618,365154968
dimwishlist:item=437854389&perks=4090651448,2680121939,3418782618,2922950962
dimwishlist:item=437854389&perks=4090651448,2680121939,1955165503,4198902903
dimwishlist:item=437854389&perks=4090651448,2680121939,1955165503,365154968
dimwishlist:item=437854389&perks=4090651448,2680121939,1955165503,2922950962
dimwishlist:item=437854389&perks=4090651448,732557052,3993379141,4198902903
dimwishlist:item=437854389&perks=4090651448,732557052,3993379141,365154968
dimwishlist:item=437854389&perks=4090651448,732557052,3993379141,2922950962
dimwishlist:item=437854389&perks=4090651448,732557052,3418782618,4198902903
dimwishlist:item=437854389&perks=4090651448,732557052,3418782618,365154968
dimwishlist:item=437854389&perks=4090651448,732557052,3418782618,2922950962
dimwishlist:item=437854389&perks=4090651448,732557052,1955165503,4198902903
dimwishlist:item=437854389&perks=4090651448,732557052,1955165503,365154968
dimwishlist:item=437854389&perks=4090651448,732557052,1955165503,2922950962
dimwishlist:item=437854389&perks=1392496348,2680121939,3993379141,4198902903
dimwishlist:item=437854389&perks=1392496348,2680121939,3993379141,365154968
dimwishlist:item=437854389&perks=1392496348,2680121939,3993379141,2922950962
dimwishlist:item=437854389&perks=1392496348,2680121939,3418782618,4198902903
dimwishlist:item=437854389&perks=1392496348,2680121939,3418782618,365154968
dimwishlist:item=437854389&perks=1392496348,2680121939,3418782618,2922950962
dimwishlist:item=437854389&perks=1392496348,2680121939,1955165503,4198902903
dimwishlist:item=437854389&perks=1392496348,2680121939,1955165503,365154968
dimwishlist:item=437854389&perks=1392496348,2680121939,1955165503,2922950962
dimwishlist:item=437854389&perks=1392496348,732557052,3993379141,4198902903
dimwishlist:item=437854389&perks=1392496348,732557052,3993379141,365154968
dimwishlist:item=437854389&perks=1392496348,732557052,3993379141,2922950962
dimwishlist:item=437854389&perks=1392496348,732557052,3418782618,4198902903
dimwishlist:item=437854389&perks=1392496348,732557052,3418782618,365154968
dimwishlist:item=437854389&perks=1392496348,732557052,3418782618,2922950962
dimwishlist:item=437854389&perks=1392496348,732557052,1955165503,4198902903
dimwishlist:item=437854389&perks=1392496348,732557052,1955165503,365154968
dimwishlist:item=437854389&perks=1392496348,732557052,1955165503,2922950962
dimwishlist:item=437854389&perks=1482024992,2680121939,3993379141,4198902903
dimwishlist:item=437854389&perks=1482024992,2680121939,3993379141,365154968
dimwishlist:item=437854389&perks=1482024992,2680121939,3993379141,2922950962
dimwishlist:item=437854389&perks=1482024992,2680121939,3418782618,4198902903
dimwishlist:item=437854389&perks=1482024992,2680121939,3418782618,365154968
dimwishlist:item=437854389&perks=1482024992,2680121939,3418782618,2922950962
dimwishlist:item=437854389&perks=1482024992,2680121939,1955165503,4198902903
dimwishlist:item=437854389&perks=1482024992,2680121939,1955165503,365154968
dimwishlist:item=437854389&perks=1482024992,2680121939,1955165503,2922950962
dimwishlist:item=437854389&perks=1482024992,732557052,3993379141,4198902903
dimwishlist:item=437854389&perks=1482024992,732557052,3993379141,365154968
dimwishlist:item=437854389&perks=1482024992,732557052,3993379141,2922950962
dimwishlist:item=437854389&perks=1482024992,732557052,3418782618,4198902903
dimwishlist:item=437854389&perks=1482024992,732557052,3418782618,365154968
dimwishlist:item=437854389&perks=1482024992,732557052,3418782618,2922950962
dimwishlist:item=437854389&perks=1482024992,732557052,1955165503,4198902903
dimwishlist:item=437854389&perks=1482024992,732557052,1955165503,365154968
dimwishlist:item=437854389&perks=1482024992,732557052,1955165503,2922950962


// Action Item - 行动项目 (pve)
//notes: 高质量激光枪，可刷。起源特性+解构快速破屏障 tags:pve
dimwishlist:item=437854390&perks=1840239774,2680121939,3993379141,4198902903
dimwishlist:item=437854390&perks=1840239774,2680121939,3993379141,365154968
dimwishlist:item=437854390&perks=1840239774,2680121939,3993379141,2922950962
dimwishlist:item=437854390&perks=1840239774,2680121939,3418782618,4198902903
dimwishlist:item=437854390&perks=1840239774,2680121939,3418782618,365154968
dimwishlist:item=437854390&perks=1840239774,2680121939,3418782618,2922950962
dimwishlist:item=437854390&perks=1840239774,2680121939,1955165503,4198902903
dimwishlist:item=437854390&perks=1840239774,2680121939,1955165503,365154968
dimwishlist:item=437854390&perks=1840239774,2680121939,1955165503,2922950962
dimwishlist:item=437854390&perks=1840239774,732557052,3993379141,4198902903
dimwishlist:item=437854390&perks=1840239774,732557052,3993379141,365154968
dimwishlist:item=437854390&perks=1840239774,732557052,3993379141,2922950962
dimwishlist:item=437854390&perks=1840239774,732557052,3418782618,4198902903
dimwishlist:item=437854390&perks=1840239774,732557052,3418782618,365154968
dimwishlist:item=437854390&perks=1840239774,732557052,3418782618,2922950962
dimwishlist:item=437854390&perks=1840239774,732557052,1955165503,4198902903
dimwishlist:item=437854390&perks=1840239774,732557052,1955165503,365154968
dimwishlist:item=437854390&perks=1840239774,732557052,1955165503,2922950962
dimwishlist:item=437854390&perks=4090651448,2680121939,3993379141,4198902903
dimwishlist:item=437854390&perks=4090651448,2680121939,3993379141,365154968
dimwishlist:item=437854390&perks=4090651448,2680121939,3993379141,2922950962
dimwishlist:item=437854390&perks=4090651448,2680121939,3418782618,4198902903
dimwishlist:item=437854390&perks=4090651448,2680121939,3418782618,365154968
dimwishlist:item=437854390&perks=4090651448,2680121939,3418782618,2922950962
dimwishlist:item=437854390&perks=4090651448,2680121939,1955165503,4198902903
dimwishlist:item=437854390&perks=4090651448,2680121939,1955165503,365154968
dimwishlist:item=437854390&perks=4090651448,2680121939,1955165503,2922950962
dimwishlist:item=437854390&perks=4090651448,732557052,3993379141,4198902903
dimwishlist:item=437854390&perks=4090651448,732557052,3993379141,365154968
dimwishlist:item=437854390&perks=4090651448,732557052,3993379141,2922950962
dimwishlist:item=437854390&perks=4090651448,732557052,3418782618,4198902903
dimwishlist:item=437854390&perks=4090651448,732557052,3418782618,365154968
dimwishlist:item=437854390&perks=4090651448,732557052,3418782618,2922950962
dimwishlist:item=437854390&perks=4090651448,732557052,1955165503,4198902903
dimwishlist:item=437854390&perks=4090651448,732557052,1955165503,365154968
dimwishlist:item=437854390&perks=4090651448,732557052,1955165503,2922950962
dimwishlist:item=437854390&perks=1392496348,2680121939,3993379141,4198902903
dimwishlist:item=437854390&perks=1392496348,2680121939,3993379141,365154968
dimwishlist:item=437854390&perks=1392496348,2680121939,3993379141,2922950962
dimwishlist:item=437854390&perks=1392496348,2680121939,3418782618,4198902903
dimwishlist:item=437854390&perks=1392496348,2680121939,3418782618,365154968
dimwishlist:item=437854390&perks=1392496348,2680121939,3418782618,2922950962
dimwishlist:item=437854390&perks=1392496348,2680121939,1955165503,4198902903
dimwishlist:item=437854390&perks=1392496348,2680121939,1955165503,365154968
dimwishlist:item=437854390&perks=1392496348,2680121939,1955165503,2922950962
dimwishlist:item=437854390&perks=1392496348,732557052,3993379141,4198902903
dimwishlist:item=437854390&perks=1392496348,732557052,3993379141,365154968
dimwishlist:item=437854390&perks=1392496348,732557052,3993379141,2922950962
dimwishlist:item=437854390&perks=1392496348,732557052,3418782618,4198902903
dimwishlist:item=437854390&perks=1392496348,732557052,3418782618,365154968
dimwishlist:item=437854390&perks=1392496348,732557052,3418782618,2922950962
dimwishlist:item=437854390&perks=1392496348,732557052,1955165503,4198902903
dimwishlist:item=437854390&perks=1392496348,732557052,1955165503,365154968
dimwishlist:item=437854390&perks=1392496348,732557052,1955165503,2922950962
dimwishlist:item=437854390&perks=1482024992,2680121939,3993379141,4198902903
dimwishlist:item=437854390&perks=1482024992,2680121939,3993379141,365154968
dimwishlist:item=437854390&perks=1482024992,2680121939,3993379141,2922950962
dimwishlist:item=437854390&perks=1482024992,2680121939,3418782618,4198902903
dimwishlist:item=437854390&perks=1482024992,2680121939,3418782618,365154968
dimwishlist:item=437854390&perks=1482024992,2680121939,3418782618,2922950962
dimwishlist:item=437854390&perks=1482024992,2680121939,1955165503,4198902903
dimwishlist:item=437854390&perks=1482024992,2680121939,1955165503,365154968
dimwishlist:item=437854390&perks=1482024992,2680121939,1955165503,2922950962
dimwishlist:item=437854390&perks=1482024992,732557052,3993379141,4198902903
dimwishlist:item=437854390&perks=1482024992,732557052,3993379141,365154968
dimwishlist:item=437854390&perks=1482024992,732557052,3993379141,2922950962
dimwishlist:item=437854390&perks=1482024992,732557052,3418782618,4198902903
dimwishlist:item=437854390&perks=1482024992,732557052,3418782618,365154968
dimwishlist:item=437854390&perks=1482024992,732557052,3418782618,2922950962
dimwishlist:item=437854390&perks=1482024992,732557052,1955165503,4198902903
dimwishlist:item=437854390&perks=1482024992,732557052,1955165503,365154968
dimwishlist:item=437854390&perks=1482024992,732557052,1955165503,2922950962


// Action Item - 行动项目 (pve)
//notes: 高质量激光枪，可刷。起源特性+解构快速破屏障 tags:pve
dimwishlist:item=437854391&perks=1840239774,2680121939,3993379141,4198902903
dimwishlist:item=437854391&perks=1840239774,2680121939,3993379141,365154968
dimwishlist:item=437854391&perks=1840239774,2680121939,3993379141,2922950962
dimwishlist:item=437854391&perks=1840239774,2680121939,3418782618,4198902903
dimwishlist:item=437854391&perks=1840239774,2680121939,3418782618,365154968
dimwishlist:item=437854391&perks=1840239774,2680121939,3418782618,2922950962
dimwishlist:item=437854391&perks=1840239774,2680121939,1955165503,4198902903
dimwishlist:item=437854391&perks=1840239774,2680121939,1955165503,365154968
dimwishlist:item=437854391&perks=1840239774,2680121939,1955165503,2922950962
dimwishlist:item=437854391&perks=1840239774,732557052,3993379141,4198902903
dimwishlist:item=437854391&perks=1840239774,732557052,3993379141,365154968
dimwishlist:item=437854391&perks=1840239774,732557052,3993379141,2922950962
dimwishlist:item=437854391&perks=1840239774,732557052,3418782618,4198902903
dimwishlist:item=437854391&perks=1840239774,732557052,3418782618,365154968
dimwishlist:item=437854391&perks=1840239774,732557052,3418782618,2922950962
dimwishlist:item=437854391&perks=1840239774,732557052,1955165503,4198902903
dimwishlist:item=437854391&perks=1840239774,732557052,1955165503,365154968
dimwishlist:item=437854391&perks=1840239774,732557052,1955165503,2922950962
dimwishlist:item=437854391&perks=4090651448,2680121939,3993379141,4198902903
dimwishlist:item=437854391&perks=4090651448,2680121939,3993379141,365154968
dimwishlist:item=437854391&perks=4090651448,2680121939,3993379141,2922950962
dimwishlist:item=437854391&perks=4090651448,2680121939,3418782618,4198902903
dimwishlist:item=437854391&perks=4090651448,2680121939,3418782618,365154968
dimwishlist:item=437854391&perks=4090651448,2680121939,3418782618,2922950962
dimwishlist:item=437854391&perks=4090651448,2680121939,1955165503,4198902903
dimwishlist:item=437854391&perks=4090651448,2680121939,1955165503,365154968
dimwishlist:item=437854391&perks=4090651448,2680121939,1955165503,2922950962
dimwishlist:item=437854391&perks=4090651448,732557052,3993379141,4198902903
dimwishlist:item=437854391&perks=4090651448,732557052,3993379141,365154968
dimwishlist:item=437854391&perks=4090651448,732557052,3993379141,2922950962
dimwishlist:item=437854391&perks=4090651448,732557052,3418782618,4198902903
dimwishlist:item=437854391&perks=4090651448,732557052,3418782618,365154968
dimwishlist:item=437854391&perks=4090651448,732557052,3418782618,2922950962
dimwishlist:item=437854391&perks=4090651448,732557052,1955165503,4198902903
dimwishlist:item=437854391&perks=4090651448,732557052,1955165503,365154968
dimwishlist:item=437854391&perks=4090651448,732557052,1955165503,2922950962
dimwishlist:item=437854391&perks=1392496348,2680121939,3993379141,4198902903
dimwishlist:item=437854391&perks=1392496348,2680121939,3993379141,365154968
dimwishlist:item=437854391&perks=1392496348,2680121939,3993379141,2922950962
dimwishlist:item=437854391&perks=1392496348,2680121939,3418782618,4198902903
dimwishlist:item=437854391&perks=1392496348,2680121939,3418782618,365154968
dimwishlist:item=437854391&perks=1392496348,2680121939,3418782618,2922950962
dimwishlist:item=437854391&perks=1392496348,2680121939,1955165503,4198902903
dimwishlist:item=437854391&perks=1392496348,2680121939,1955165503,365154968
dimwishlist:item=437854391&perks=1392496348,2680121939,1955165503,2922950962
dimwishlist:item=437854391&perks=1392496348,732557052,3993379141,4198902903
dimwishlist:item=437854391&perks=1392496348,732557052,3993379141,365154968
dimwishlist:item=437854391&perks=1392496348,732557052,3993379141,2922950962
dimwishlist:item=437854391&perks=1392496348,732557052,3418782618,4198902903
dimwishlist:item=437854391&perks=1392496348,732557052,3418782618,365154968
dimwishlist:item=437854391&perks=1392496348,732557052,3418782618,2922950962
dimwishlist:item=437854391&perks=1392496348,732557052,1955165503,4198902903
dimwishlist:item=437854391&perks=1392496348,732557052,1955165503,365154968
dimwishlist:item=437854391&perks=1392496348,732557052,1955165503,2922950962
dimwishlist:item=437854391&perks=1482024992,2680121939,3993379141,4198902903
dimwishlist:item=437854391&perks=1482024992,2680121939,3993379141,365154968
dimwishlist:item=437854391&perks=1482024992,2680121939,3993379141,2922950962
dimwishlist:item=437854391&perks=1482024992,2680121939,3418782618,4198902903
dimwishlist:item=437854391&perks=1482024992,2680121939,3418782618,365154968
dimwishlist:item=437854391&perks=1482024992,2680121939,3418782618,2922950962
dimwishlist:item=437854391&perks=1482024992,2680121939,1955165503,4198902903
dimwishlist:item=437854391&perks=1482024992,2680121939,1955165503,365154968
dimwishlist:item=437854391&perks=1482024992,2680121939,1955165503,2922950962
dimwishlist:item=437854391&perks=1482024992,732557052,3993379141,4198902903
dimwishlist:item=437854391&perks=1482024992,732557052,3993379141,365154968
dimwishlist:item=437854391&perks=1482024992,732557052,3993379141,2922950962
dimwishlist:item=437854391&perks=1482024992,732557052,3418782618,4198902903
dimwishlist:item=437854391&perks=1482024992,732557052,3418782618,365154968
dimwishlist:item=437854391&perks=1482024992,732557052,3418782618,2922950962
dimwishlist:item=437854391&perks=1482024992,732557052,1955165503,4198902903
dimwishlist:item=437854391&perks=1482024992,732557052,1955165503,365154968
dimwishlist:item=437854391&perks=1482024992,732557052,1955165503,2922950962


// Micromort - 微死亡 (pve)
//notes: tags:pve
dimwishlist:item=474671201&perks=1478423395,2822142346,3987942396,3078487919
dimwishlist:item=474671201&perks=1478423395,2822142346,3987942396,1439600632
dimwishlist:item=474671201&perks=1478423395,2822142346,1523832109,3078487919
dimwishlist:item=474671201&perks=1478423395,2822142346,1523832109,1439600632
dimwishlist:item=474671201&perks=1478423395,2822142346,1275731761,3078487919
dimwishlist:item=474671201&perks=1478423395,2822142346,1275731761,1439600632
dimwishlist:item=474671201&perks=1478423395,3796465595,3987942396,3078487919
dimwishlist:item=474671201&perks=1478423395,3796465595,3987942396,1439600632
dimwishlist:item=474671201&perks=1478423395,3796465595,1523832109,3078487919
dimwishlist:item=474671201&perks=1478423395,3796465595,1523832109,1439600632
dimwishlist:item=474671201&perks=1478423395,3796465595,1275731761,3078487919
dimwishlist:item=474671201&perks=1478423395,3796465595,1275731761,1439600632
dimwishlist:item=474671201&perks=1478423395,2985827016,3987942396,3078487919
dimwishlist:item=474671201&perks=1478423395,2985827016,3987942396,1439600632
dimwishlist:item=474671201&perks=1478423395,2985827016,1523832109,3078487919
dimwishlist:item=474671201&perks=1478423395,2985827016,1523832109,1439600632
dimwishlist:item=474671201&perks=1478423395,2985827016,1275731761,3078487919
dimwishlist:item=474671201&perks=1478423395,2985827016,1275731761,1439600632
dimwishlist:item=474671201&perks=981914802,2822142346,3987942396,3078487919
dimwishlist:item=474671201&perks=981914802,2822142346,3987942396,1439600632
dimwishlist:item=474671201&perks=981914802,2822142346,1523832109,3078487919
dimwishlist:item=474671201&perks=981914802,2822142346,1523832109,1439600632
dimwishlist:item=474671201&perks=981914802,2822142346,1275731761,3078487919
dimwishlist:item=474671201&perks=981914802,2822142346,1275731761,1439600632
dimwishlist:item=474671201&perks=981914802,3796465595,3987942396,3078487919
dimwishlist:item=474671201&perks=981914802,3796465595,3987942396,1439600632
dimwishlist:item=474671201&perks=981914802,3796465595,1523832109,3078487919
dimwishlist:item=474671201&perks=981914802,3796465595,1523832109,1439600632
dimwishlist:item=474671201&perks=981914802,3796465595,1275731761,3078487919
dimwishlist:item=474671201&perks=981914802,3796465595,1275731761,1439600632
dimwishlist:item=474671201&perks=981914802,2985827016,3987942396,3078487919
dimwishlist:item=474671201&perks=981914802,2985827016,3987942396,1439600632
dimwishlist:item=474671201&perks=981914802,2985827016,1523832109,3078487919
dimwishlist:item=474671201&perks=981914802,2985827016,1523832109,1439600632
dimwishlist:item=474671201&perks=981914802,2985827016,1275731761,3078487919
dimwishlist:item=474671201&perks=981914802,2985827016,1275731761,1439600632
dimwishlist:item=474671201&perks=1441682018,2822142346,3987942396,3078487919
dimwishlist:item=474671201&perks=1441682018,2822142346,3987942396,1439600632
dimwishlist:item=474671201&perks=1441682018,2822142346,1523832109,3078487919
dimwishlist:item=474671201&perks=1441682018,2822142346,1523832109,1439600632
dimwishlist:item=474671201&perks=1441682018,2822142346,1275731761,3078487919
dimwishlist:item=474671201&perks=1441682018,2822142346,1275731761,1439600632
dimwishlist:item=474671201&perks=1441682018,3796465595,3987942396,3078487919
dimwishlist:item=474671201&perks=1441682018,3796465595,3987942396,1439600632
dimwishlist:item=474671201&perks=1441682018,3796465595,1523832109,3078487919
dimwishlist:item=474671201&perks=1441682018,3796465595,1523832109,1439600632
dimwishlist:item=474671201&perks=1441682018,3796465595,1275731761,3078487919
dimwishlist:item=474671201&perks=1441682018,3796465595,1275731761,1439600632
dimwishlist:item=474671201&perks=1441682018,2985827016,3987942396,3078487919
dimwishlist:item=474671201&perks=1441682018,2985827016,3987942396,1439600632
dimwishlist:item=474671201&perks=1441682018,2985827016,1523832109,3078487919
dimwishlist:item=474671201&perks=1441682018,2985827016,1523832109,1439600632
dimwishlist:item=474671201&perks=1441682018,2985827016,1275731761,3078487919
dimwishlist:item=474671201&perks=1441682018,2985827016,1275731761,1439600632
dimwishlist:item=474671201&perks=3525010810,2822142346,3987942396,3078487919
dimwishlist:item=474671201&perks=3525010810,2822142346,3987942396,1439600632
dimwishlist:item=474671201&perks=3525010810,2822142346,1523832109,3078487919
dimwishlist:item=474671201&perks=3525010810,2822142346,1523832109,1439600632
dimwishlist:item=474671201&perks=3525010810,2822142346,1275731761,3078487919
dimwishlist:item=474671201&perks=3525010810,2822142346,1275731761,1439600632
dimwishlist:item=474671201&perks=3525010810,3796465595,3987942396,3078487919
dimwishlist:item=474671201&perks=3525010810,3796465595,3987942396,1439600632
dimwishlist:item=474671201&perks=3525010810,3796465595,1523832109,3078487919
dimwishlist:item=474671201&perks=3525010810,3796465595,1523832109,1439600632
dimwishlist:item=474671201&perks=3525010810,3796465595,1275731761,3078487919
dimwishlist:item=474671201&perks=3525010810,3796465595,1275731761,1439600632
dimwishlist:item=474671201&perks=3525010810,2985827016,3987942396,3078487919
dimwishlist:item=474671201&perks=3525010810,2985827016,3987942396,1439600632
dimwishlist:item=474671201&perks=3525010810,2985827016,1523832109,3078487919
dimwishlist:item=474671201&perks=3525010810,2985827016,1523832109,1439600632
dimwishlist:item=474671201&perks=3525010810,2985827016,1275731761,3078487919
dimwishlist:item=474671201&perks=3525010810,2985827016,1275731761,1439600632
dimwishlist:item=474671201&perks=3798852852,2822142346,3987942396,3078487919
dimwishlist:item=474671201&perks=3798852852,2822142346,3987942396,1439600632
dimwishlist:item=474671201&perks=3798852852,2822142346,1523832109,3078487919
dimwishlist:item=474671201&perks=3798852852,2822142346,1523832109,1439600632
dimwishlist:item=474671201&perks=3798852852,2822142346,1275731761,3078487919
dimwishlist:item=474671201&perks=3798852852,2822142346,1275731761,1439600632
dimwishlist:item=474671201&perks=3798852852,3796465595,3987942396,3078487919
dimwishlist:item=474671201&perks=3798852852,3796465595,3987942396,1439600632
dimwishlist:item=474671201&perks=3798852852,3796465595,1523832109,3078487919
dimwishlist:item=474671201&perks=3798852852,3796465595,1523832109,1439600632
dimwishlist:item=474671201&perks=3798852852,3796465595,1275731761,3078487919
dimwishlist:item=474671201&perks=3798852852,3796465595,1275731761,1439600632
dimwishlist:item=474671201&perks=3798852852,2985827016,3987942396,3078487919
dimwishlist:item=474671201&perks=3798852852,2985827016,3987942396,1439600632
dimwishlist:item=474671201&perks=3798852852,2985827016,1523832109,3078487919
dimwishlist:item=474671201&perks=3798852852,2985827016,1523832109,1439600632
dimwishlist:item=474671201&perks=3798852852,2985827016,1275731761,3078487919
dimwishlist:item=474671201&perks=3798852852,2985827016,1275731761,1439600632


// Action Item - 行动项目 (pve)
//notes: 高质量激光枪，可刷。起源特性+解构快速破屏障 tags:pve
dimwishlist:item=527989828&perks=1840239774,2680121939,3993379141,4198902903
dimwishlist:item=527989828&perks=1840239774,2680121939,3993379141,365154968
dimwishlist:item=527989828&perks=1840239774,2680121939,3993379141,2922950962
dimwishlist:item=527989828&perks=1840239774,2680121939,3418782618,4198902903
dimwishlist:item=527989828&perks=1840239774,2680121939,3418782618,365154968
dimwishlist:item=527989828&perks=1840239774,2680121939,3418782618,2922950962
dimwishlist:item=527989828&perks=1840239774,2680121939,1955165503,4198902903
dimwishlist:item=527989828&perks=1840239774,2680121939,1955165503,365154968
dimwishlist:item=527989828&perks=1840239774,2680121939,1955165503,2922950962
dimwishlist:item=527989828&perks=1840239774,732557052,3993379141,4198902903
dimwishlist:item=527989828&perks=1840239774,732557052,3993379141,365154968
dimwishlist:item=527989828&perks=1840239774,732557052,3993379141,2922950962
dimwishlist:item=527989828&perks=1840239774,732557052,3418782618,4198902903
dimwishlist:item=527989828&perks=1840239774,732557052,3418782618,365154968
dimwishlist:item=527989828&perks=1840239774,732557052,3418782618,2922950962
dimwishlist:item=527989828&perks=1840239774,732557052,1955165503,4198902903
dimwishlist:item=527989828&perks=1840239774,732557052,1955165503,365154968
dimwishlist:item=527989828&perks=1840239774,732557052,1955165503,2922950962
dimwishlist:item=527989828&perks=4090651448,2680121939,3993379141,4198902903
dimwishlist:item=527989828&perks=4090651448,2680121939,3993379141,365154968
dimwishlist:item=527989828&perks=4090651448,2680121939,3993379141,2922950962
dimwishlist:item=527989828&perks=4090651448,2680121939,3418782618,4198902903
dimwishlist:item=527989828&perks=4090651448,2680121939,3418782618,365154968
dimwishlist:item=527989828&perks=4090651448,2680121939,3418782618,2922950962
dimwishlist:item=527989828&perks=4090651448,2680121939,1955165503,4198902903
dimwishlist:item=527989828&perks=4090651448,2680121939,1955165503,365154968
dimwishlist:item=527989828&perks=4090651448,2680121939,1955165503,2922950962
dimwishlist:item=527989828&perks=4090651448,732557052,3993379141,4198902903
dimwishlist:item=527989828&perks=4090651448,732557052,3993379141,365154968
dimwishlist:item=527989828&perks=4090651448,732557052,3993379141,2922950962
dimwishlist:item=527989828&perks=4090651448,732557052,3418782618,4198902903
dimwishlist:item=527989828&perks=4090651448,732557052,3418782618,365154968
dimwishlist:item=527989828&perks=4090651448,732557052,3418782618,2922950962
dimwishlist:item=527989828&perks=4090651448,732557052,1955165503,4198902903
dimwishlist:item=527989828&perks=4090651448,732557052,1955165503,365154968
dimwishlist:item=527989828&perks=4090651448,732557052,1955165503,2922950962
dimwishlist:item=527989828&perks=1392496348,2680121939,3993379141,4198902903
dimwishlist:item=527989828&perks=1392496348,2680121939,3993379141,365154968
dimwishlist:item=527989828&perks=1392496348,2680121939,3993379141,2922950962
dimwishlist:item=527989828&perks=1392496348,2680121939,3418782618,4198902903
dimwishlist:item=527989828&perks=1392496348,2680121939,3418782618,365154968
dimwishlist:item=527989828&perks=1392496348,2680121939,3418782618,2922950962
dimwishlist:item=527989828&perks=1392496348,2680121939,1955165503,4198902903
dimwishlist:item=527989828&perks=1392496348,2680121939,1955165503,365154968
dimwishlist:item=527989828&perks=1392496348,2680121939,1955165503,2922950962
dimwishlist:item=527989828&perks=1392496348,732557052,3993379141,4198902903
dimwishlist:item=527989828&perks=1392496348,732557052,3993379141,365154968
dimwishlist:item=527989828&perks=1392496348,732557052,3993379141,2922950962
dimwishlist:item=527989828&perks=1392496348,732557052,3418782618,4198902903
dimwishlist:item=527989828&perks=1392496348,732557052,3418782618,365154968
dimwishlist:item=527989828&perks=1392496348,732557052,3418782618,2922950962
dimwishlist:item=527989828&perks=1392496348,732557052,1955165503,4198902903
dimwishlist:item=527989828&perks=1392496348,732557052,1955165503,365154968
dimwishlist:item=527989828&perks=1392496348,732557052,1955165503,2922950962
dimwishlist:item=527989828&perks=1482024992,2680121939,3993379141,4198902903
dimwishlist:item=527989828&perks=1482024992,2680121939,3993379141,365154968
dimwishlist:item=527989828&perks=1482024992,2680121939,3993379141,2922950962
dimwishlist:item=527989828&perks=1482024992,2680121939,3418782618,4198902903
dimwishlist:item=527989828&perks=1482024992,2680121939,3418782618,365154968
dimwishlist:item=527989828&perks=1482024992,2680121939,3418782618,2922950962
dimwishlist:item=527989828&perks=1482024992,2680121939,1955165503,4198902903
dimwishlist:item=527989828&perks=1482024992,2680121939,1955165503,365154968
dimwishlist:item=527989828&perks=1482024992,2680121939,1955165503,2922950962
dimwishlist:item=527989828&perks=1482024992,732557052,3993379141,4198902903
dimwishlist:item=527989828&perks=1482024992,732557052,3993379141,365154968
dimwishlist:item=527989828&perks=1482024992,732557052,3993379141,2922950962
dimwishlist:item=527989828&perks=1482024992,732557052,3418782618,4198902903
dimwishlist:item=527989828&perks=1482024992,732557052,3418782618,365154968
dimwishlist:item=527989828&perks=1482024992,732557052,3418782618,2922950962
dimwishlist:item=527989828&perks=1482024992,732557052,1955165503,4198902903
dimwishlist:item=527989828&perks=1482024992,732557052,1955165503,365154968
dimwishlist:item=527989828&perks=1482024992,732557052,1955165503,2922950962


// Micromort - 微死亡 (pve)
//notes: tags:pve
dimwishlist:item=602331464&perks=1478423395,2822142346,3987942396,3078487919
dimwishlist:item=602331464&perks=1478423395,2822142346,3987942396,1439600632
dimwishlist:item=602331464&perks=1478423395,2822142346,1523832109,3078487919
dimwishlist:item=602331464&perks=1478423395,2822142346,1523832109,1439600632
dimwishlist:item=602331464&perks=1478423395,2822142346,1275731761,3078487919
dimwishlist:item=602331464&perks=1478423395,2822142346,1275731761,1439600632
dimwishlist:item=602331464&perks=1478423395,3796465595,3987942396,3078487919
dimwishlist:item=602331464&perks=1478423395,3796465595,3987942396,1439600632
dimwishlist:item=602331464&perks=1478423395,3796465595,1523832109,3078487919
dimwishlist:item=602331464&perks=1478423395,3796465595,1523832109,1439600632
dimwishlist:item=602331464&perks=1478423395,3796465595,1275731761,3078487919
dimwishlist:item=602331464&perks=1478423395,3796465595,1275731761,1439600632
dimwishlist:item=602331464&perks=1478423395,2985827016,3987942396,3078487919
dimwishlist:item=602331464&perks=1478423395,2985827016,3987942396,1439600632
dimwishlist:item=602331464&perks=1478423395,2985827016,1523832109,3078487919
dimwishlist:item=602331464&perks=1478423395,2985827016,1523832109,1439600632
dimwishlist:item=602331464&perks=1478423395,2985827016,1275731761,3078487919
dimwishlist:item=602331464&perks=1478423395,2985827016,1275731761,1439600632
dimwishlist:item=602331464&perks=981914802,2822142346,3987942396,3078487919
dimwishlist:item=602331464&perks=981914802,2822142346,3987942396,1439600632
dimwishlist:item=602331464&perks=981914802,2822142346,1523832109,3078487919
dimwishlist:item=602331464&perks=981914802,2822142346,1523832109,1439600632
dimwishlist:item=602331464&perks=981914802,2822142346,1275731761,3078487919
dimwishlist:item=602331464&perks=981914802,2822142346,1275731761,1439600632
dimwishlist:item=602331464&perks=981914802,3796465595,3987942396,3078487919
dimwishlist:item=602331464&perks=981914802,3796465595,3987942396,1439600632
dimwishlist:item=602331464&perks=981914802,3796465595,1523832109,3078487919
dimwishlist:item=602331464&perks=981914802,3796465595,1523832109,1439600632
dimwishlist:item=602331464&perks=981914802,3796465595,1275731761,3078487919
dimwishlist:item=602331464&perks=981914802,3796465595,1275731761,1439600632
dimwishlist:item=602331464&perks=981914802,2985827016,3987942396,3078487919
dimwishlist:item=602331464&perks=981914802,2985827016,3987942396,1439600632
dimwishlist:item=602331464&perks=981914802,2985827016,1523832109,3078487919
dimwishlist:item=602331464&perks=981914802,2985827016,1523832109,1439600632
dimwishlist:item=602331464&perks=981914802,2985827016,1275731761,3078487919
dimwishlist:item=602331464&perks=981914802,2985827016,1275731761,1439600632
dimwishlist:item=602331464&perks=1441682018,2822142346,3987942396,3078487919
dimwishlist:item=602331464&perks=1441682018,2822142346,3987942396,1439600632
dimwishlist:item=602331464&perks=1441682018,2822142346,1523832109,3078487919
dimwishlist:item=602331464&perks=1441682018,2822142346,1523832109,1439600632
dimwishlist:item=602331464&perks=1441682018,2822142346,1275731761,3078487919
dimwishlist:item=602331464&perks=1441682018,2822142346,1275731761,1439600632
dimwishlist:item=602331464&perks=1441682018,3796465595,3987942396,3078487919
dimwishlist:item=602331464&perks=1441682018,3796465595,3987942396,1439600632
dimwishlist:item=602331464&perks=1441682018,3796465595,1523832109,3078487919
dimwishlist:item=602331464&perks=1441682018,3796465595,1523832109,1439600632
dimwishlist:item=602331464&perks=1441682018,3796465595,1275731761,3078487919
dimwishlist:item=602331464&perks=1441682018,3796465595,1275731761,1439600632
dimwishlist:item=602331464&perks=1441682018,2985827016,3987942396,3078487919
dimwishlist:item=602331464&perks=1441682018,2985827016,3987942396,1439600632
dimwishlist:item=602331464&perks=1441682018,2985827016,1523832109,3078487919
dimwishlist:item=602331464&perks=1441682018,2985827016,1523832109,1439600632
dimwishlist:item=602331464&perks=1441682018,2985827016,1275731761,3078487919
dimwishlist:item=602331464&perks=1441682018,2985827016,1275731761,1439600632
dimwishlist:item=602331464&perks=3525010810,2822142346,3987942396,3078487919
dimwishlist:item=602331464&perks=3525010810,2822142346,3987942396,1439600632
dimwishlist:item=602331464&perks=3525010810,2822142346,1523832109,3078487919
dimwishlist:item=602331464&perks=3525010810,2822142346,1523832109,1439600632
dimwishlist:item=602331464&perks=3525010810,2822142346,1275731761,3078487919
dimwishlist:item=602331464&perks=3525010810,2822142346,1275731761,1439600632
dimwishlist:item=602331464&perks=3525010810,3796465595,3987942396,3078487919
dimwishlist:item=602331464&perks=3525010810,3796465595,3987942396,1439600632
dimwishlist:item=602331464&perks=3525010810,3796465595,1523832109,3078487919
dimwishlist:item=602331464&perks=3525010810,3796465595,1523832109,1439600632
dimwishlist:item=602331464&perks=3525010810,3796465595,1275731761,3078487919
dimwishlist:item=602331464&perks=3525010810,3796465595,1275731761,1439600632
dimwishlist:item=602331464&perks=3525010810,2985827016,3987942396,3078487919
dimwishlist:item=602331464&perks=3525010810,2985827016,3987942396,1439600632
dimwishlist:item=602331464&perks=3525010810,2985827016,1523832109,3078487919
dimwishlist:item=602331464&perks=3525010810,2985827016,1523832109,1439600632
dimwishlist:item=602331464&perks=3525010810,2985827016,1275731761,3078487919
dimwishlist:item=602331464&perks=3525010810,2985827016,1275731761,1439600632
dimwishlist:item=602331464&perks=3798852852,2822142346,3987942396,3078487919
dimwishlist:item=602331464&perks=3798852852,2822142346,3987942396,1439600632
dimwishlist:item=602331464&perks=3798852852,2822142346,1523832109,3078487919
dimwishlist:item=602331464&perks=3798852852,2822142346,1523832109,1439600632
dimwishlist:item=602331464&perks=3798852852,2822142346,1275731761,3078487919
dimwishlist:item=602331464&perks=3798852852,2822142346,1275731761,1439600632
dimwishlist:item=602331464&perks=3798852852,3796465595,3987942396,3078487919
dimwishlist:item=602331464&perks=3798852852,3796465595,3987942396,1439600632
dimwishlist:item=602331464&perks=3798852852,3796465595,1523832109,3078487919
dimwishlist:item=602331464&perks=3798852852,3796465595,1523832109,1439600632
dimwishlist:item=602331464&perks=3798852852,3796465595,1275731761,3078487919
dimwishlist:item=602331464&perks=3798852852,3796465595,1275731761,1439600632
dimwishlist:item=602331464&perks=3798852852,2985827016,3987942396,3078487919
dimwishlist:item=602331464&perks=3798852852,2985827016,3987942396,1439600632
dimwishlist:item=602331464&perks=3798852852,2985827016,1523832109,3078487919
dimwishlist:item=602331464&perks=3798852852,2985827016,1523832109,1439600632
dimwishlist:item=602331464&perks=3798852852,2985827016,1275731761,3078487919
dimwishlist:item=602331464&perks=3798852852,2985827016,1275731761,1439600632


// Micromort - 微死亡 (pve)
//notes: tags:pve
dimwishlist:item=602331465&perks=1478423395,2822142346,3987942396,3078487919
dimwishlist:item=602331465&perks=1478423395,2822142346,3987942396,1439600632
dimwishlist:item=602331465&perks=1478423395,2822142346,1523832109,3078487919
dimwishlist:item=602331465&perks=1478423395,2822142346,1523832109,1439600632
dimwishlist:item=602331465&perks=1478423395,2822142346,1275731761,3078487919
dimwishlist:item=602331465&perks=1478423395,2822142346,1275731761,1439600632
dimwishlist:item=602331465&perks=1478423395,3796465595,3987942396,3078487919
dimwishlist:item=602331465&perks=1478423395,3796465595,3987942396,1439600632
dimwishlist:item=602331465&perks=1478423395,3796465595,1523832109,3078487919
dimwishlist:item=602331465&perks=1478423395,3796465595,1523832109,1439600632
dimwishlist:item=602331465&perks=1478423395,3796465595,1275731761,3078487919
dimwishlist:item=602331465&perks=1478423395,3796465595,1275731761,1439600632
dimwishlist:item=602331465&perks=1478423395,2985827016,3987942396,3078487919
dimwishlist:item=602331465&perks=1478423395,2985827016,3987942396,1439600632
dimwishlist:item=602331465&perks=1478423395,2985827016,1523832109,3078487919
dimwishlist:item=602331465&perks=1478423395,2985827016,1523832109,1439600632
dimwishlist:item=602331465&perks=1478423395,2985827016,1275731761,3078487919
dimwishlist:item=602331465&perks=1478423395,2985827016,1275731761,1439600632
dimwishlist:item=602331465&perks=981914802,2822142346,3987942396,3078487919
dimwishlist:item=602331465&perks=981914802,2822142346,3987942396,1439600632
dimwishlist:item=602331465&perks=981914802,2822142346,1523832109,3078487919
dimwishlist:item=602331465&perks=981914802,2822142346,1523832109,1439600632
dimwishlist:item=602331465&perks=981914802,2822142346,1275731761,3078487919
dimwishlist:item=602331465&perks=981914802,2822142346,1275731761,1439600632
dimwishlist:item=602331465&perks=981914802,3796465595,3987942396,3078487919
dimwishlist:item=602331465&perks=981914802,3796465595,3987942396,1439600632
dimwishlist:item=602331465&perks=981914802,3796465595,1523832109,3078487919
dimwishlist:item=602331465&perks=981914802,3796465595,1523832109,1439600632
dimwishlist:item=602331465&perks=981914802,3796465595,1275731761,3078487919
dimwishlist:item=602331465&perks=981914802,3796465595,1275731761,1439600632
dimwishlist:item=602331465&perks=981914802,2985827016,3987942396,3078487919
dimwishlist:item=602331465&perks=981914802,2985827016,3987942396,1439600632
dimwishlist:item=602331465&perks=981914802,2985827016,1523832109,3078487919
dimwishlist:item=602331465&perks=981914802,2985827016,1523832109,1439600632
dimwishlist:item=602331465&perks=981914802,2985827016,1275731761,3078487919
dimwishlist:item=602331465&perks=981914802,2985827016,1275731761,1439600632
dimwishlist:item=602331465&perks=1441682018,2822142346,3987942396,3078487919
dimwishlist:item=602331465&perks=1441682018,2822142346,3987942396,1439600632
dimwishlist:item=602331465&perks=1441682018,2822142346,1523832109,3078487919
dimwishlist:item=602331465&perks=1441682018,2822142346,1523832109,1439600632
dimwishlist:item=602331465&perks=1441682018,2822142346,1275731761,3078487919
dimwishlist:item=602331465&perks=1441682018,2822142346,1275731761,1439600632
dimwishlist:item=602331465&perks=1441682018,3796465595,3987942396,3078487919
dimwishlist:item=602331465&perks=1441682018,3796465595,3987942396,1439600632
dimwishlist:item=602331465&perks=1441682018,3796465595,1523832109,3078487919
dimwishlist:item=602331465&perks=1441682018,3796465595,1523832109,1439600632
dimwishlist:item=602331465&perks=1441682018,3796465595,1275731761,3078487919
dimwishlist:item=602331465&perks=1441682018,3796465595,1275731761,1439600632
dimwishlist:item=602331465&perks=1441682018,2985827016,3987942396,3078487919
dimwishlist:item=602331465&perks=1441682018,2985827016,3987942396,1439600632
dimwishlist:item=602331465&perks=1441682018,2985827016,1523832109,3078487919
dimwishlist:item=602331465&perks=1441682018,2985827016,1523832109,1439600632
dimwishlist:item=602331465&perks=1441682018,2985827016,1275731761,3078487919
dimwishlist:item=602331465&perks=1441682018,2985827016,1275731761,1439600632
dimwishlist:item=602331465&perks=3525010810,2822142346,3987942396,3078487919
dimwishlist:item=602331465&perks=3525010810,2822142346,3987942396,1439600632
dimwishlist:item=602331465&perks=3525010810,2822142346,1523832109,3078487919
dimwishlist:item=602331465&perks=3525010810,2822142346,1523832109,1439600632
dimwishlist:item=602331465&perks=3525010810,2822142346,1275731761,3078487919
dimwishlist:item=602331465&perks=3525010810,2822142346,1275731761,1439600632
dimwishlist:item=602331465&perks=3525010810,3796465595,3987942396,3078487919
dimwishlist:item=602331465&perks=3525010810,3796465595,3987942396,1439600632
dimwishlist:item=602331465&perks=3525010810,3796465595,1523832109,3078487919
dimwishlist:item=602331465&perks=3525010810,3796465595,1523832109,1439600632
dimwishlist:item=602331465&perks=3525010810,3796465595,1275731761,3078487919
dimwishlist:item=602331465&perks=3525010810,3796465595,1275731761,1439600632
dimwishlist:item=602331465&perks=3525010810,2985827016,3987942396,3078487919
dimwishlist:item=602331465&perks=3525010810,2985827016,3987942396,1439600632
dimwishlist:item=602331465&perks=3525010810,2985827016,1523832109,3078487919
dimwishlist:item=602331465&perks=3525010810,2985827016,1523832109,1439600632
dimwishlist:item=602331465&perks=3525010810,2985827016,1275731761,3078487919
dimwishlist:item=602331465&perks=3525010810,2985827016,1275731761,1439600632
dimwishlist:item=602331465&perks=3798852852,2822142346,3987942396,3078487919
dimwishlist:item=602331465&perks=3798852852,2822142346,3987942396,1439600632
dimwishlist:item=602331465&perks=3798852852,2822142346,1523832109,3078487919
dimwishlist:item=602331465&perks=3798852852,2822142346,1523832109,1439600632
dimwishlist:item=602331465&perks=3798852852,2822142346,1275731761,3078487919
dimwishlist:item=602331465&perks=3798852852,2822142346,1275731761,1439600632
dimwishlist:item=602331465&perks=3798852852,3796465595,3987942396,3078487919
dimwishlist:item=602331465&perks=3798852852,3796465595,3987942396,1439600632
dimwishlist:item=602331465&perks=3798852852,3796465595,1523832109,3078487919
dimwishlist:item=602331465&perks=3798852852,3796465595,1523832109,1439600632
dimwishlist:item=602331465&perks=3798852852,3796465595,1275731761,3078487919
dimwishlist:item=602331465&perks=3798852852,3796465595,1275731761,1439600632
dimwishlist:item=602331465&perks=3798852852,2985827016,3987942396,3078487919
dimwishlist:item=602331465&perks=3798852852,2985827016,3987942396,1439600632
dimwishlist:item=602331465&perks=3798852852,2985827016,1523832109,3078487919
dimwishlist:item=602331465&perks=3798852852,2985827016,1523832109,1439600632
dimwishlist:item=602331465&perks=3798852852,2985827016,1275731761,3078487919
dimwishlist:item=602331465&perks=3798852852,2985827016,1275731761,1439600632


// Micromort - 微死亡 (pve)
//notes: tags:pve
dimwishlist:item=602331466&perks=1478423395,2822142346,3987942396,3078487919
dimwishlist:item=602331466&perks=1478423395,2822142346,3987942396,1439600632
dimwishlist:item=602331466&perks=1478423395,2822142346,1523832109,3078487919
dimwishlist:item=602331466&perks=1478423395,2822142346,1523832109,1439600632
dimwishlist:item=602331466&perks=1478423395,2822142346,1275731761,3078487919
dimwishlist:item=602331466&perks=1478423395,2822142346,1275731761,1439600632
dimwishlist:item=602331466&perks=1478423395,3796465595,3987942396,3078487919
dimwishlist:item=602331466&perks=1478423395,3796465595,3987942396,1439600632
dimwishlist:item=602331466&perks=1478423395,3796465595,1523832109,3078487919
dimwishlist:item=602331466&perks=1478423395,3796465595,1523832109,1439600632
dimwishlist:item=602331466&perks=1478423395,3796465595,1275731761,3078487919
dimwishlist:item=602331466&perks=1478423395,3796465595,1275731761,1439600632
dimwishlist:item=602331466&perks=1478423395,2985827016,3987942396,3078487919
dimwishlist:item=602331466&perks=1478423395,2985827016,3987942396,1439600632
dimwishlist:item=602331466&perks=1478423395,2985827016,1523832109,3078487919
dimwishlist:item=602331466&perks=1478423395,2985827016,1523832109,1439600632
dimwishlist:item=602331466&perks=1478423395,2985827016,1275731761,3078487919
dimwishlist:item=602331466&perks=1478423395,2985827016,1275731761,1439600632
dimwishlist:item=602331466&perks=981914802,2822142346,3987942396,3078487919
dimwishlist:item=602331466&perks=981914802,2822142346,3987942396,1439600632
dimwishlist:item=602331466&perks=981914802,2822142346,1523832109,3078487919
dimwishlist:item=602331466&perks=981914802,2822142346,1523832109,1439600632
dimwishlist:item=602331466&perks=981914802,2822142346,1275731761,3078487919
dimwishlist:item=602331466&perks=981914802,2822142346,1275731761,1439600632
dimwishlist:item=602331466&perks=981914802,3796465595,3987942396,3078487919
dimwishlist:item=602331466&perks=981914802,3796465595,3987942396,1439600632
dimwishlist:item=602331466&perks=981914802,3796465595,1523832109,3078487919
dimwishlist:item=602331466&perks=981914802,3796465595,1523832109,1439600632
dimwishlist:item=602331466&perks=981914802,3796465595,1275731761,3078487919
dimwishlist:item=602331466&perks=981914802,3796465595,1275731761,1439600632
dimwishlist:item=602331466&perks=981914802,2985827016,3987942396,3078487919
dimwishlist:item=602331466&perks=981914802,2985827016,3987942396,1439600632
dimwishlist:item=602331466&perks=981914802,2985827016,1523832109,3078487919
dimwishlist:item=602331466&perks=981914802,2985827016,1523832109,1439600632
dimwishlist:item=602331466&perks=981914802,2985827016,1275731761,3078487919
dimwishlist:item=602331466&perks=981914802,2985827016,1275731761,1439600632
dimwishlist:item=602331466&perks=1441682018,2822142346,3987942396,3078487919
dimwishlist:item=602331466&perks=1441682018,2822142346,3987942396,1439600632
dimwishlist:item=602331466&perks=1441682018,2822142346,1523832109,3078487919
dimwishlist:item=602331466&perks=1441682018,2822142346,1523832109,1439600632
dimwishlist:item=602331466&perks=1441682018,2822142346,1275731761,3078487919
dimwishlist:item=602331466&perks=1441682018,2822142346,1275731761,1439600632
dimwishlist:item=602331466&perks=1441682018,3796465595,3987942396,3078487919
dimwishlist:item=602331466&perks=1441682018,3796465595,3987942396,1439600632
dimwishlist:item=602331466&perks=1441682018,3796465595,1523832109,3078487919
dimwishlist:item=602331466&perks=1441682018,3796465595,1523832109,1439600632
dimwishlist:item=602331466&perks=1441682018,3796465595,1275731761,3078487919
dimwishlist:item=602331466&perks=1441682018,3796465595,1275731761,1439600632
dimwishlist:item=602331466&perks=1441682018,2985827016,3987942396,3078487919
dimwishlist:item=602331466&perks=1441682018,2985827016,3987942396,1439600632
dimwishlist:item=602331466&perks=1441682018,2985827016,1523832109,3078487919
dimwishlist:item=602331466&perks=1441682018,2985827016,1523832109,1439600632
dimwishlist:item=602331466&perks=1441682018,2985827016,1275731761,3078487919
dimwishlist:item=602331466&perks=1441682018,2985827016,1275731761,1439600632
dimwishlist:item=602331466&perks=3525010810,2822142346,3987942396,3078487919
dimwishlist:item=602331466&perks=3525010810,2822142346,3987942396,1439600632
dimwishlist:item=602331466&perks=3525010810,2822142346,1523832109,3078487919
dimwishlist:item=602331466&perks=3525010810,2822142346,1523832109,1439600632
dimwishlist:item=602331466&perks=3525010810,2822142346,1275731761,3078487919
dimwishlist:item=602331466&perks=3525010810,2822142346,1275731761,1439600632
dimwishlist:item=602331466&perks=3525010810,3796465595,3987942396,3078487919
dimwishlist:item=602331466&perks=3525010810,3796465595,3987942396,1439600632
dimwishlist:item=602331466&perks=3525010810,3796465595,1523832109,3078487919
dimwishlist:item=602331466&perks=3525010810,3796465595,1523832109,1439600632
dimwishlist:item=602331466&perks=3525010810,3796465595,1275731761,3078487919
dimwishlist:item=602331466&perks=3525010810,3796465595,1275731761,1439600632
dimwishlist:item=602331466&perks=3525010810,2985827016,3987942396,3078487919
dimwishlist:item=602331466&perks=3525010810,2985827016,3987942396,1439600632
dimwishlist:item=602331466&perks=3525010810,2985827016,1523832109,3078487919
dimwishlist:item=602331466&perks=3525010810,2985827016,1523832109,1439600632
dimwishlist:item=602331466&perks=3525010810,2985827016,1275731761,3078487919
dimwishlist:item=602331466&perks=3525010810,2985827016,1275731761,1439600632
dimwishlist:item=602331466&perks=3798852852,2822142346,3987942396,3078487919
dimwishlist:item=602331466&perks=3798852852,2822142346,3987942396,1439600632
dimwishlist:item=602331466&perks=3798852852,2822142346,1523832109,3078487919
dimwishlist:item=602331466&perks=3798852852,2822142346,1523832109,1439600632
dimwishlist:item=602331466&perks=3798852852,2822142346,1275731761,3078487919
dimwishlist:item=602331466&perks=3798852852,2822142346,1275731761,1439600632
dimwishlist:item=602331466&perks=3798852852,3796465595,3987942396,3078487919
dimwishlist:item=602331466&perks=3798852852,3796465595,3987942396,1439600632
dimwishlist:item=602331466&perks=3798852852,3796465595,1523832109,3078487919
dimwishlist:item=602331466&perks=3798852852,3796465595,1523832109,1439600632
dimwishlist:item=602331466&perks=3798852852,3796465595,1275731761,3078487919
dimwishlist:item=602331466&perks=3798852852,3796465595,1275731761,1439600632
dimwishlist:item=602331466&perks=3798852852,2985827016,3987942396,3078487919
dimwishlist:item=602331466&perks=3798852852,2985827016,3987942396,1439600632
dimwishlist:item=602331466&perks=3798852852,2985827016,1523832109,3078487919
dimwishlist:item=602331466&perks=3798852852,2985827016,1523832109,1439600632
dimwishlist:item=602331466&perks=3798852852,2985827016,1275731761,3078487919
dimwishlist:item=602331466&perks=3798852852,2985827016,1275731761,1439600632


// Micromort - 微死亡 (pve)
//notes: tags:pve
dimwishlist:item=602331467&perks=1478423395,2822142346,3987942396,3078487919
dimwishlist:item=602331467&perks=1478423395,2822142346,3987942396,1439600632
dimwishlist:item=602331467&perks=1478423395,2822142346,1523832109,3078487919
dimwishlist:item=602331467&perks=1478423395,2822142346,1523832109,1439600632
dimwishlist:item=602331467&perks=1478423395,3796465595,3987942396,3078487919
dimwishlist:item=602331467&perks=1478423395,3796465595,3987942396,1439600632
dimwishlist:item=602331467&perks=1478423395,3796465595,1523832109,3078487919
dimwishlist:item=602331467&perks=1478423395,3796465595,1523832109,1439600632
dimwishlist:item=602331467&perks=1478423395,2985827016,3987942396,3078487919
dimwishlist:item=602331467&perks=1478423395,2985827016,3987942396,1439600632
dimwishlist:item=602331467&perks=1478423395,2985827016,1523832109,3078487919
dimwishlist:item=602331467&perks=1478423395,2985827016,1523832109,1439600632
dimwishlist:item=602331467&perks=981914802,2822142346,3987942396,3078487919
dimwishlist:item=602331467&perks=981914802,2822142346,3987942396,1439600632
dimwishlist:item=602331467&perks=981914802,2822142346,1523832109,3078487919
dimwishlist:item=602331467&perks=981914802,2822142346,1523832109,1439600632
dimwishlist:item=602331467&perks=981914802,3796465595,3987942396,3078487919
dimwishlist:item=602331467&perks=981914802,3796465595,3987942396,1439600632
dimwishlist:item=602331467&perks=981914802,3796465595,1523832109,3078487919
dimwishlist:item=602331467&perks=981914802,3796465595,1523832109,1439600632
dimwishlist:item=602331467&perks=981914802,2985827016,3987942396,3078487919
dimwishlist:item=602331467&perks=981914802,2985827016,3987942396,1439600632
dimwishlist:item=602331467&perks=981914802,2985827016,1523832109,3078487919
dimwishlist:item=602331467&perks=981914802,2985827016,1523832109,1439600632
dimwishlist:item=602331467&perks=1441682018,2822142346,3987942396,3078487919
dimwishlist:item=602331467&perks=1441682018,2822142346,3987942396,1439600632
dimwishlist:item=602331467&perks=1441682018,2822142346,1523832109,3078487919
dimwishlist:item=602331467&perks=1441682018,2822142346,1523832109,1439600632
dimwishlist:item=602331467&perks=1441682018,3796465595,3987942396,3078487919
dimwishlist:item=602331467&perks=1441682018,3796465595,3987942396,1439600632
dimwishlist:item=602331467&perks=1441682018,3796465595,1523832109,3078487919
dimwishlist:item=602331467&perks=1441682018,3796465595,1523832109,1439600632
dimwishlist:item=602331467&perks=1441682018,2985827016,3987942396,3078487919
dimwishlist:item=602331467&perks=1441682018,2985827016,3987942396,1439600632
dimwishlist:item=602331467&perks=1441682018,2985827016,1523832109,3078487919
dimwishlist:item=602331467&perks=1441682018,2985827016,1523832109,1439600632
dimwishlist:item=602331467&perks=3525010810,2822142346,3987942396,3078487919
dimwishlist:item=602331467&perks=3525010810,2822142346,3987942396,1439600632
dimwishlist:item=602331467&perks=3525010810,2822142346,1523832109,3078487919
dimwishlist:item=602331467&perks=3525010810,2822142346,1523832109,1439600632
dimwishlist:item=602331467&perks=3525010810,3796465595,3987942396,3078487919
dimwishlist:item=602331467&perks=3525010810,3796465595,3987942396,1439600632
dimwishlist:item=602331467&perks=3525010810,3796465595,1523832109,3078487919
dimwishlist:item=602331467&perks=3525010810,3796465595,1523832109,1439600632
dimwishlist:item=602331467&perks=3525010810,2985827016,3987942396,3078487919
dimwishlist:item=602331467&perks=3525010810,2985827016,3987942396,1439600632
dimwishlist:item=602331467&perks=3525010810,2985827016,1523832109,3078487919
dimwishlist:item=602331467&perks=3525010810,2985827016,1523832109,1439600632
dimwishlist:item=602331467&perks=3798852852,2822142346,3987942396,3078487919
dimwishlist:item=602331467&perks=3798852852,2822142346,3987942396,1439600632
dimwishlist:item=602331467&perks=3798852852,2822142346,1523832109,3078487919
dimwishlist:item=602331467&perks=3798852852,2822142346,1523832109,1439600632
dimwishlist:item=602331467&perks=3798852852,3796465595,3987942396,3078487919
dimwishlist:item=602331467&perks=3798852852,3796465595,3987942396,1439600632
dimwishlist:item=602331467&perks=3798852852,3796465595,1523832109,3078487919
dimwishlist:item=602331467&perks=3798852852,3796465595,1523832109,1439600632
dimwishlist:item=602331467&perks=3798852852,2985827016,3987942396,3078487919
dimwishlist:item=602331467&perks=3798852852,2985827016,3987942396,1439600632
dimwishlist:item=602331467&perks=3798852852,2985827016,1523832109,3078487919
dimwishlist:item=602331467&perks=3798852852,2985827016,1523832109,1439600632


// The Heron - 苍鹭 (pve)
//notes: tags:pve
dimwishlist:item=617566156&perks=4190679284,3201496230
dimwishlist:item=617566156&perks=4190679284,1782407750
dimwishlist:item=617566156&perks=4190679284,2048641572
dimwishlist:item=617566156&perks=1966281507,3201496230
dimwishlist:item=617566156&perks=1966281507,1782407750
dimwishlist:item=617566156&perks=1966281507,2048641572
dimwishlist:item=617566156&perks=1556840489,3201496230
dimwishlist:item=617566156&perks=1556840489,1782407750
dimwishlist:item=617566156&perks=1556840489,2048641572
dimwishlist:item=617566156&perks=3643424744,3201496230
dimwishlist:item=617566156&perks=3643424744,1782407750
dimwishlist:item=617566156&perks=3643424744,2048641572
dimwishlist:item=617566156&perks=776531651,3201496230
dimwishlist:item=617566156&perks=776531651,1782407750
dimwishlist:item=617566156&perks=776531651,2048641572


// The Heron - 苍鹭 (pve)
//notes: tags:pve
dimwishlist:item=617566158&perks=4190679284,3201496230
dimwishlist:item=617566158&perks=4190679284,1782407750
dimwishlist:item=617566158&perks=4190679284,2048641572
dimwishlist:item=617566158&perks=1966281507,3201496230
dimwishlist:item=617566158&perks=1966281507,1782407750
dimwishlist:item=617566158&perks=1966281507,2048641572
dimwishlist:item=617566158&perks=1556840489,3201496230
dimwishlist:item=617566158&perks=1556840489,1782407750
dimwishlist:item=617566158&perks=1556840489,2048641572
dimwishlist:item=617566158&perks=3643424744,3201496230
dimwishlist:item=617566158&perks=3643424744,1782407750
dimwishlist:item=617566158&perks=3643424744,2048641572
dimwishlist:item=617566158&perks=776531651,3201496230
dimwishlist:item=617566158&perks=776531651,1782407750
dimwishlist:item=617566158&perks=776531651,2048641572


// The Heron - 苍鹭 (pve)
//notes: tags:pve
dimwishlist:item=617566159&perks=4190679284,3201496230
dimwishlist:item=617566159&perks=4190679284,1782407750
dimwishlist:item=617566159&perks=4190679284,2048641572
dimwishlist:item=617566159&perks=1966281507,3201496230
dimwishlist:item=617566159&perks=1966281507,1782407750
dimwishlist:item=617566159&perks=1966281507,2048641572
dimwishlist:item=617566159&perks=1556840489,3201496230
dimwishlist:item=617566159&perks=1556840489,1782407750
dimwishlist:item=617566159&perks=1556840489,2048641572
dimwishlist:item=617566159&perks=3643424744,3201496230
dimwishlist:item=617566159&perks=3643424744,1782407750
dimwishlist:item=617566159&perks=3643424744,2048641572
dimwishlist:item=617566159&perks=776531651,3201496230
dimwishlist:item=617566159&perks=776531651,1782407750
dimwishlist:item=617566159&perks=776531651,2048641572


// King Orfeo - 奥菲欧王 (pve)
//notes: tags:pve
dimwishlist:item=784540300&perks=3700496672,3966416502
dimwishlist:item=784540300&perks=3700496672,3218042543
dimwishlist:item=784540300&perks=3700496672,657025441
dimwishlist:item=784540300&perks=3700496672,2848615171
dimwishlist:item=784540300&perks=3365897133,3966416502
dimwishlist:item=784540300&perks=3365897133,3218042543
dimwishlist:item=784540300&perks=3365897133,657025441
dimwishlist:item=784540300&perks=3365897133,2848615171
dimwishlist:item=784540300&perks=201365942,3966416502
dimwishlist:item=784540300&perks=201365942,3218042543
dimwishlist:item=784540300&perks=201365942,657025441
dimwishlist:item=784540300&perks=201365942,2848615171


// King Orfeo - 奥菲欧王 (pve)
//notes: tags:pve
dimwishlist:item=784540301&perks=3700496672,3966416502
dimwishlist:item=784540301&perks=3700496672,3218042543
dimwishlist:item=784540301&perks=3700496672,657025441
dimwishlist:item=784540301&perks=3700496672,2848615171
dimwishlist:item=784540301&perks=3365897133,3966416502
dimwishlist:item=784540301&perks=3365897133,3218042543
dimwishlist:item=784540301&perks=3365897133,657025441
dimwishlist:item=784540301&perks=3365897133,2848615171
dimwishlist:item=784540301&perks=201365942,3966416502
dimwishlist:item=784540301&perks=201365942,3218042543
dimwishlist:item=784540301&perks=201365942,657025441
dimwishlist:item=784540301&perks=201365942,2848615171


// King Orfeo - 奥菲欧王 (pve)
//notes: tags:pve
dimwishlist:item=784540302&perks=3700496672,3966416502
dimwishlist:item=784540302&perks=3700496672,3218042543
dimwishlist:item=784540302&perks=3700496672,657025441
dimwishlist:item=784540302&perks=3700496672,2848615171
dimwishlist:item=784540302&perks=3365897133,3966416502
dimwishlist:item=784540302&perks=3365897133,3218042543
dimwishlist:item=784540302&perks=3365897133,657025441
dimwishlist:item=784540302&perks=3365897133,2848615171
dimwishlist:item=784540302&perks=201365942,3966416502
dimwishlist:item=784540302&perks=201365942,3218042543
dimwishlist:item=784540302&perks=201365942,657025441
dimwishlist:item=784540302&perks=201365942,2848615171


// King Orfeo - 奥菲欧王 (pve)
//notes: tags:pve
dimwishlist:item=784540303&perks=3700496672,3966416502
dimwishlist:item=784540303&perks=3700496672,3218042543
dimwishlist:item=784540303&perks=3700496672,657025441
dimwishlist:item=784540303&perks=3700496672,2848615171
dimwishlist:item=784540303&perks=3365897133,3966416502
dimwishlist:item=784540303&perks=3365897133,3218042543
dimwishlist:item=784540303&perks=3365897133,657025441
dimwishlist:item=784540303&perks=3365897133,2848615171
dimwishlist:item=784540303&perks=201365942,3966416502
dimwishlist:item=784540303&perks=201365942,3218042543
dimwishlist:item=784540303&perks=201365942,657025441
dimwishlist:item=784540303&perks=201365942,2848615171


// Gizmo Weft - 机巧纬线 (pve)
//notes: perk池比山巅更适合火箭跳，弹匣更多，三切输出也能用。空扳+双脚架(+粘弹)超级跳/工具枪用，嫉妒军械库为三切输出。 tags:pve
dimwishlist:item=1572604081&perks=1478423395,3301904089,3987942396,3078487919
dimwishlist:item=1572604081&perks=1478423395,3301904089,3987942396,1439600632
dimwishlist:item=1572604081&perks=1478423395,3301904089,3987942396,3764420437
dimwishlist:item=1572604081&perks=1478423395,3301904089,3987942396,1089671869
dimwishlist:item=1572604081&perks=1478423395,3301904089,1421772400,3078487919
dimwishlist:item=1572604081&perks=1478423395,3301904089,1421772400,1439600632
dimwishlist:item=1572604081&perks=1478423395,3301904089,1421772400,3764420437
dimwishlist:item=1572604081&perks=1478423395,3301904089,1421772400,1089671869
dimwishlist:item=1572604081&perks=1478423395,3373736292,3987942396,3078487919
dimwishlist:item=1572604081&perks=1478423395,3373736292,3987942396,1439600632
dimwishlist:item=1572604081&perks=1478423395,3373736292,3987942396,3764420437
dimwishlist:item=1572604081&perks=1478423395,3373736292,3987942396,1089671869
dimwishlist:item=1572604081&perks=1478423395,3373736292,1421772400,3078487919
dimwishlist:item=1572604081&perks=1478423395,3373736292,1421772400,1439600632
dimwishlist:item=1572604081&perks=1478423395,3373736292,1421772400,3764420437
dimwishlist:item=1572604081&perks=1478423395,3373736292,1421772400,1089671869
dimwishlist:item=1572604081&perks=1478423395,2822142346,3987942396,3078487919
dimwishlist:item=1572604081&perks=1478423395,2822142346,3987942396,1439600632
dimwishlist:item=1572604081&perks=1478423395,2822142346,3987942396,3764420437
dimwishlist:item=1572604081&perks=1478423395,2822142346,3987942396,1089671869
dimwishlist:item=1572604081&perks=1478423395,2822142346,1421772400,3078487919
dimwishlist:item=1572604081&perks=1478423395,2822142346,1421772400,1439600632
dimwishlist:item=1572604081&perks=1478423395,2822142346,1421772400,3764420437
dimwishlist:item=1572604081&perks=1478423395,2822142346,1421772400,1089671869
dimwishlist:item=1572604081&perks=1478423395,3492396210,3987942396,3078487919
dimwishlist:item=1572604081&perks=1478423395,3492396210,3987942396,1439600632
dimwishlist:item=1572604081&perks=1478423395,3492396210,3987942396,3764420437
dimwishlist:item=1572604081&perks=1478423395,3492396210,3987942396,1089671869
dimwishlist:item=1572604081&perks=1478423395,3492396210,1421772400,3078487919
dimwishlist:item=1572604081&perks=1478423395,3492396210,1421772400,1439600632
dimwishlist:item=1572604081&perks=1478423395,3492396210,1421772400,3764420437
dimwishlist:item=1572604081&perks=1478423395,3492396210,1421772400,1089671869
dimwishlist:item=1572604081&perks=981914802,3301904089,3987942396,3078487919
dimwishlist:item=1572604081&perks=981914802,3301904089,3987942396,1439600632
dimwishlist:item=1572604081&perks=981914802,3301904089,3987942396,3764420437
dimwishlist:item=1572604081&perks=981914802,3301904089,3987942396,1089671869
dimwishlist:item=1572604081&perks=981914802,3301904089,1421772400,3078487919
dimwishlist:item=1572604081&perks=981914802,3301904089,1421772400,1439600632
dimwishlist:item=1572604081&perks=981914802,3301904089,1421772400,3764420437
dimwishlist:item=1572604081&perks=981914802,3301904089,1421772400,1089671869
dimwishlist:item=1572604081&perks=981914802,3373736292,3987942396,3078487919
dimwishlist:item=1572604081&perks=981914802,3373736292,3987942396,1439600632
dimwishlist:item=1572604081&perks=981914802,3373736292,3987942396,3764420437
dimwishlist:item=1572604081&perks=981914802,3373736292,3987942396,1089671869
dimwishlist:item=1572604081&perks=981914802,3373736292,1421772400,3078487919
dimwishlist:item=1572604081&perks=981914802,3373736292,1421772400,1439600632
dimwishlist:item=1572604081&perks=981914802,3373736292,1421772400,3764420437
dimwishlist:item=1572604081&perks=981914802,3373736292,1421772400,1089671869
dimwishlist:item=1572604081&perks=981914802,2822142346,3987942396,3078487919
dimwishlist:item=1572604081&perks=981914802,2822142346,3987942396,1439600632
dimwishlist:item=1572604081&perks=981914802,2822142346,3987942396,3764420437
dimwishlist:item=1572604081&perks=981914802,2822142346,3987942396,1089671869
dimwishlist:item=1572604081&perks=981914802,2822142346,1421772400,3078487919
dimwishlist:item=1572604081&perks=981914802,2822142346,1421772400,1439600632
dimwishlist:item=1572604081&perks=981914802,2822142346,1421772400,3764420437
dimwishlist:item=1572604081&perks=981914802,2822142346,1421772400,1089671869
dimwishlist:item=1572604081&perks=981914802,3492396210,3987942396,3078487919
dimwishlist:item=1572604081&perks=981914802,3492396210,3987942396,1439600632
dimwishlist:item=1572604081&perks=981914802,3492396210,3987942396,3764420437
dimwishlist:item=1572604081&perks=981914802,3492396210,3987942396,1089671869
dimwishlist:item=1572604081&perks=981914802,3492396210,1421772400,3078487919
dimwishlist:item=1572604081&perks=981914802,3492396210,1421772400,1439600632
dimwishlist:item=1572604081&perks=981914802,3492396210,1421772400,3764420437
dimwishlist:item=1572604081&perks=981914802,3492396210,1421772400,1089671869
dimwishlist:item=1572604081&perks=1441682018,3301904089,3987942396,3078487919
dimwishlist:item=1572604081&perks=1441682018,3301904089,3987942396,1439600632
dimwishlist:item=1572604081&perks=1441682018,3301904089,3987942396,3764420437
dimwishlist:item=1572604081&perks=1441682018,3301904089,3987942396,1089671869
dimwishlist:item=1572604081&perks=1441682018,3301904089,1421772400,3078487919
dimwishlist:item=1572604081&perks=1441682018,3301904089,1421772400,1439600632
dimwishlist:item=1572604081&perks=1441682018,3301904089,1421772400,3764420437
dimwishlist:item=1572604081&perks=1441682018,3301904089,1421772400,1089671869
dimwishlist:item=1572604081&perks=1441682018,3373736292,3987942396,3078487919
dimwishlist:item=1572604081&perks=1441682018,3373736292,3987942396,1439600632
dimwishlist:item=1572604081&perks=1441682018,3373736292,3987942396,3764420437
dimwishlist:item=1572604081&perks=1441682018,3373736292,3987942396,1089671869
dimwishlist:item=1572604081&perks=1441682018,3373736292,1421772400,3078487919
dimwishlist:item=1572604081&perks=1441682018,3373736292,1421772400,1439600632
dimwishlist:item=1572604081&perks=1441682018,3373736292,1421772400,3764420437
dimwishlist:item=1572604081&perks=1441682018,3373736292,1421772400,1089671869
dimwishlist:item=1572604081&perks=1441682018,2822142346,3987942396,3078487919
dimwishlist:item=1572604081&perks=1441682018,2822142346,3987942396,1439600632
dimwishlist:item=1572604081&perks=1441682018,2822142346,3987942396,3764420437
dimwishlist:item=1572604081&perks=1441682018,2822142346,3987942396,1089671869
dimwishlist:item=1572604081&perks=1441682018,2822142346,1421772400,3078487919
dimwishlist:item=1572604081&perks=1441682018,2822142346,1421772400,1439600632
dimwishlist:item=1572604081&perks=1441682018,2822142346,1421772400,3764420437
dimwishlist:item=1572604081&perks=1441682018,2822142346,1421772400,1089671869
dimwishlist:item=1572604081&perks=1441682018,3492396210,3987942396,3078487919
dimwishlist:item=1572604081&perks=1441682018,3492396210,3987942396,1439600632
dimwishlist:item=1572604081&perks=1441682018,3492396210,3987942396,3764420437
dimwishlist:item=1572604081&perks=1441682018,3492396210,3987942396,1089671869
dimwishlist:item=1572604081&perks=1441682018,3492396210,1421772400,3078487919
dimwishlist:item=1572604081&perks=1441682018,3492396210,1421772400,1439600632
dimwishlist:item=1572604081&perks=1441682018,3492396210,1421772400,3764420437
dimwishlist:item=1572604081&perks=1441682018,3492396210,1421772400,1089671869
dimwishlist:item=1572604081&perks=3525010810,3301904089,3987942396,3078487919
dimwishlist:item=1572604081&perks=3525010810,3301904089,3987942396,1439600632
dimwishlist:item=1572604081&perks=3525010810,3301904089,3987942396,3764420437
dimwishlist:item=1572604081&perks=3525010810,3301904089,3987942396,1089671869
dimwishlist:item=1572604081&perks=3525010810,3301904089,1421772400,3078487919
dimwishlist:item=1572604081&perks=3525010810,3301904089,1421772400,1439600632
dimwishlist:item=1572604081&perks=3525010810,3301904089,1421772400,3764420437
dimwishlist:item=1572604081&perks=3525010810,3301904089,1421772400,1089671869
dimwishlist:item=1572604081&perks=3525010810,3373736292,3987942396,3078487919
dimwishlist:item=1572604081&perks=3525010810,3373736292,3987942396,1439600632
dimwishlist:item=1572604081&perks=3525010810,3373736292,3987942396,3764420437
dimwishlist:item=1572604081&perks=3525010810,3373736292,3987942396,1089671869
dimwishlist:item=1572604081&perks=3525010810,3373736292,1421772400,3078487919
dimwishlist:item=1572604081&perks=3525010810,3373736292,1421772400,1439600632
dimwishlist:item=1572604081&perks=3525010810,3373736292,1421772400,3764420437
dimwishlist:item=1572604081&perks=3525010810,3373736292,1421772400,1089671869
dimwishlist:item=1572604081&perks=3525010810,2822142346,3987942396,3078487919
dimwishlist:item=1572604081&perks=3525010810,2822142346,3987942396,1439600632
dimwishlist:item=1572604081&perks=3525010810,2822142346,3987942396,3764420437
dimwishlist:item=1572604081&perks=3525010810,2822142346,3987942396,1089671869
dimwishlist:item=1572604081&perks=3525010810,2822142346,1421772400,3078487919
dimwishlist:item=1572604081&perks=3525010810,2822142346,1421772400,1439600632
dimwishlist:item=1572604081&perks=3525010810,2822142346,1421772400,3764420437
dimwishlist:item=1572604081&perks=3525010810,2822142346,1421772400,1089671869
dimwishlist:item=1572604081&perks=3525010810,3492396210,3987942396,3078487919
dimwishlist:item=1572604081&perks=3525010810,3492396210,3987942396,1439600632
dimwishlist:item=1572604081&perks=3525010810,3492396210,3987942396,3764420437
dimwishlist:item=1572604081&perks=3525010810,3492396210,3987942396,1089671869
dimwishlist:item=1572604081&perks=3525010810,3492396210,1421772400,3078487919
dimwishlist:item=1572604081&perks=3525010810,3492396210,1421772400,1439600632
dimwishlist:item=1572604081&perks=3525010810,3492396210,1421772400,3764420437
dimwishlist:item=1572604081&perks=3525010810,3492396210,1421772400,1089671869
dimwishlist:item=1572604081&perks=3798852852,3301904089,3987942396,3078487919
dimwishlist:item=1572604081&perks=3798852852,3301904089,3987942396,1439600632
dimwishlist:item=1572604081&perks=3798852852,3301904089,3987942396,3764420437
dimwishlist:item=1572604081&perks=3798852852,3301904089,3987942396,1089671869
dimwishlist:item=1572604081&perks=3798852852,3301904089,1421772400,3078487919
dimwishlist:item=1572604081&perks=3798852852,3301904089,1421772400,1439600632
dimwishlist:item=1572604081&perks=3798852852,3301904089,1421772400,3764420437
dimwishlist:item=1572604081&perks=3798852852,3301904089,1421772400,1089671869
dimwishlist:item=1572604081&perks=3798852852,3373736292,3987942396,3078487919
dimwishlist:item=1572604081&perks=3798852852,3373736292,3987942396,1439600632
dimwishlist:item=1572604081&perks=3798852852,3373736292,3987942396,3764420437
dimwishlist:item=1572604081&perks=3798852852,3373736292,3987942396,1089671869
dimwishlist:item=1572604081&perks=3798852852,3373736292,1421772400,3078487919
dimwishlist:item=1572604081&perks=3798852852,3373736292,1421772400,1439600632
dimwishlist:item=1572604081&perks=3798852852,3373736292,1421772400,3764420437
dimwishlist:item=1572604081&perks=3798852852,3373736292,1421772400,1089671869
dimwishlist:item=1572604081&perks=3798852852,2822142346,3987942396,3078487919
dimwishlist:item=1572604081&perks=3798852852,2822142346,3987942396,1439600632
dimwishlist:item=1572604081&perks=3798852852,2822142346,3987942396,3764420437
dimwishlist:item=1572604081&perks=3798852852,2822142346,3987942396,1089671869
dimwishlist:item=1572604081&perks=3798852852,2822142346,1421772400,3078487919
dimwishlist:item=1572604081&perks=3798852852,2822142346,1421772400,1439600632
dimwishlist:item=1572604081&perks=3798852852,2822142346,1421772400,3764420437
dimwishlist:item=1572604081&perks=3798852852,2822142346,1421772400,1089671869
dimwishlist:item=1572604081&perks=3798852852,3492396210,3987942396,3078487919
dimwishlist:item=1572604081&perks=3798852852,3492396210,3987942396,1439600632
dimwishlist:item=1572604081&perks=3798852852,3492396210,3987942396,3764420437
dimwishlist:item=1572604081&perks=3798852852,3492396210,3987942396,1089671869
dimwishlist:item=1572604081&perks=3798852852,3492396210,1421772400,3078487919
dimwishlist:item=1572604081&perks=3798852852,3492396210,1421772400,1439600632
dimwishlist:item=1572604081&perks=3798852852,3492396210,1421772400,3764420437
dimwishlist:item=1572604081&perks=3798852852,3492396210,1421772400,1089671869


// Hardline Cut - 强硬切割 (pve)
//notes: tags:pve
dimwishlist:item=2121132948&perks=243981275,2077819806
dimwishlist:item=2121132948&perks=243981275,3913600130
dimwishlist:item=2121132948&perks=243981275,3708227201
dimwishlist:item=2121132948&perks=2244851822,2077819806
dimwishlist:item=2121132948&perks=2244851822,3913600130
dimwishlist:item=2121132948&perks=2244851822,3708227201
dimwishlist:item=2121132948&perks=1749209109,2077819806
dimwishlist:item=2121132948&perks=1749209109,3913600130
dimwishlist:item=2121132948&perks=1749209109,3708227201


// Hardline Cut - 强硬切割 (pve)
//notes: tags:pve
dimwishlist:item=2121132949&perks=243981275,2077819806
dimwishlist:item=2121132949&perks=243981275,3913600130
dimwishlist:item=2121132949&perks=243981275,3708227201
dimwishlist:item=2121132949&perks=2244851822,2077819806
dimwishlist:item=2121132949&perks=2244851822,3913600130
dimwishlist:item=2121132949&perks=2244851822,3708227201
dimwishlist:item=2121132949&perks=1749209109,2077819806
dimwishlist:item=2121132949&perks=1749209109,3913600130
dimwishlist:item=2121132949&perks=1749209109,3708227201


// Hardline Cut - 强硬切割 (pve)
//notes: tags:pve
dimwishlist:item=2121132950&perks=243981275,2077819806
dimwishlist:item=2121132950&perks=243981275,3913600130
dimwishlist:item=2121132950&perks=243981275,3708227201
dimwishlist:item=2121132950&perks=2244851822,2077819806
dimwishlist:item=2121132950&perks=2244851822,3913600130
dimwishlist:item=2121132950&perks=2244851822,3708227201
dimwishlist:item=2121132950&perks=1749209109,2077819806
dimwishlist:item=2121132950&perks=1749209109,3913600130
dimwishlist:item=2121132950&perks=1749209109,3708227201


// Hardline Cut - 强硬切割 (pve)
//notes: tags:pve
dimwishlist:item=2121132951&perks=243981275,2077819806
dimwishlist:item=2121132951&perks=243981275,3913600130
dimwishlist:item=2121132951&perks=243981275,3708227201
dimwishlist:item=2121132951&perks=2244851822,2077819806
dimwishlist:item=2121132951&perks=2244851822,3913600130
dimwishlist:item=2121132951&perks=2244851822,3708227201
dimwishlist:item=2121132951&perks=1749209109,2077819806
dimwishlist:item=2121132951&perks=1749209109,3913600130
dimwishlist:item=2121132951&perks=1749209109,3708227201


// The Heron - 苍鹭 (pve)
//notes: tags:pve
dimwishlist:item=2246386812&perks=4190679284,3201496230
dimwishlist:item=2246386812&perks=4190679284,1782407750
dimwishlist:item=2246386812&perks=4190679284,2048641572
dimwishlist:item=2246386812&perks=1966281507,3201496230
dimwishlist:item=2246386812&perks=1966281507,1782407750
dimwishlist:item=2246386812&perks=1966281507,2048641572
dimwishlist:item=2246386812&perks=1556840489,3201496230
dimwishlist:item=2246386812&perks=1556840489,1782407750
dimwishlist:item=2246386812&perks=1556840489,2048641572
dimwishlist:item=2246386812&perks=3643424744,3201496230
dimwishlist:item=2246386812&perks=3643424744,1782407750
dimwishlist:item=2246386812&perks=3643424744,2048641572
dimwishlist:item=2246386812&perks=776531651,3201496230
dimwishlist:item=2246386812&perks=776531651,1782407750
dimwishlist:item=2246386812&perks=776531651,2048641572


// Sixth Sense - 第六感 (pve)
//notes: 这把枪的PERTK偏PVP，下面是PVE的perk。 tags:pve
dimwishlist:item=3163473092&perks=839105230,106909392,3038247973,831391274
dimwishlist:item=3163473092&perks=839105230,106909392,3038247973,960997401
dimwishlist:item=3163473092&perks=839105230,106909392,3038247973,657025441
dimwishlist:item=3163473092&perks=839105230,106909392,3038247973,2848615171
dimwishlist:item=3163473092&perks=839105230,106909392,3523296417,831391274
dimwishlist:item=3163473092&perks=839105230,106909392,3523296417,960997401
dimwishlist:item=3163473092&perks=839105230,106909392,3523296417,657025441
dimwishlist:item=3163473092&perks=839105230,106909392,3523296417,2848615171
dimwishlist:item=3163473092&perks=839105230,3230963543,3038247973,831391274
dimwishlist:item=3163473092&perks=839105230,3230963543,3038247973,960997401
dimwishlist:item=3163473092&perks=839105230,3230963543,3038247973,657025441
dimwishlist:item=3163473092&perks=839105230,3230963543,3038247973,2848615171
dimwishlist:item=3163473092&perks=839105230,3230963543,3523296417,831391274
dimwishlist:item=3163473092&perks=839105230,3230963543,3523296417,960997401
dimwishlist:item=3163473092&perks=839105230,3230963543,3523296417,657025441
dimwishlist:item=3163473092&perks=839105230,3230963543,3523296417,2848615171
dimwishlist:item=3163473092&perks=1840239774,106909392,3038247973,831391274
dimwishlist:item=3163473092&perks=1840239774,106909392,3038247973,960997401
dimwishlist:item=3163473092&perks=1840239774,106909392,3038247973,657025441
dimwishlist:item=3163473092&perks=1840239774,106909392,3038247973,2848615171
dimwishlist:item=3163473092&perks=1840239774,106909392,3523296417,831391274
dimwishlist:item=3163473092&perks=1840239774,106909392,3523296417,960997401
dimwishlist:item=3163473092&perks=1840239774,106909392,3523296417,657025441
dimwishlist:item=3163473092&perks=1840239774,106909392,3523296417,2848615171
dimwishlist:item=3163473092&perks=1840239774,3230963543,3038247973,831391274
dimwishlist:item=3163473092&perks=1840239774,3230963543,3038247973,960997401
dimwishlist:item=3163473092&perks=1840239774,3230963543,3038247973,657025441
dimwishlist:item=3163473092&perks=1840239774,3230963543,3038247973,2848615171
dimwishlist:item=3163473092&perks=1840239774,3230963543,3523296417,831391274
dimwishlist:item=3163473092&perks=1840239774,3230963543,3523296417,960997401
dimwishlist:item=3163473092&perks=1840239774,3230963543,3523296417,657025441
dimwishlist:item=3163473092&perks=1840239774,3230963543,3523296417,2848615171
dimwishlist:item=3163473092&perks=4090651448,106909392,3038247973,831391274
dimwishlist:item=3163473092&perks=4090651448,106909392,3038247973,960997401
dimwishlist:item=3163473092&perks=4090651448,106909392,3038247973,657025441
dimwishlist:item=3163473092&perks=4090651448,106909392,3038247973,2848615171
dimwishlist:item=3163473092&perks=4090651448,106909392,3523296417,831391274
dimwishlist:item=3163473092&perks=4090651448,106909392,3523296417,960997401
dimwishlist:item=3163473092&perks=4090651448,106909392,3523296417,657025441
dimwishlist:item=3163473092&perks=4090651448,106909392,3523296417,2848615171
dimwishlist:item=3163473092&perks=4090651448,3230963543,3038247973,831391274
dimwishlist:item=3163473092&perks=4090651448,3230963543,3038247973,960997401
dimwishlist:item=3163473092&perks=4090651448,3230963543,3038247973,657025441
dimwishlist:item=3163473092&perks=4090651448,3230963543,3038247973,2848615171
dimwishlist:item=3163473092&perks=4090651448,3230963543,3523296417,831391274
dimwishlist:item=3163473092&perks=4090651448,3230963543,3523296417,960997401
dimwishlist:item=3163473092&perks=4090651448,3230963543,3523296417,657025441
dimwishlist:item=3163473092&perks=4090651448,3230963543,3523296417,2848615171


// Hardline Cut - 强硬切割 (pve)
//notes: tags:pve
dimwishlist:item=3461043766&perks=243981275,2077819806
dimwishlist:item=3461043766&perks=243981275,3913600130
dimwishlist:item=3461043766&perks=243981275,3708227201
dimwishlist:item=3461043766&perks=2244851822,2077819806
dimwishlist:item=3461043766&perks=2244851822,3913600130
dimwishlist:item=3461043766&perks=2244851822,3708227201
dimwishlist:item=3461043766&perks=1749209109,2077819806
dimwishlist:item=3461043766&perks=1749209109,3913600130
dimwishlist:item=3461043766&perks=1749209109,3708227201


// King Orfeo - 奥菲欧王 (pve)
//notes: tags:pve
dimwishlist:item=3481382332&perks=3700496672,3966416502
dimwishlist:item=3481382332&perks=3700496672,3218042543
dimwishlist:item=3481382332&perks=3700496672,657025441
dimwishlist:item=3481382332&perks=3700496672,2848615171
dimwishlist:item=3481382332&perks=3365897133,3966416502
dimwishlist:item=3481382332&perks=3365897133,3218042543
dimwishlist:item=3481382332&perks=3365897133,657025441
dimwishlist:item=3481382332&perks=3365897133,2848615171
dimwishlist:item=3481382332&perks=201365942,3966416502
dimwishlist:item=3481382332&perks=201365942,3218042543
dimwishlist:item=3481382332&perks=201365942,657025441
dimwishlist:item=3481382332&perks=201365942,2848615171


// Sixth Sense - 第六感 (pve)
//notes: 第六感,这把枪的PERTK偏PVP，下面是PVE的perk。 tags:pve
dimwishlist:item=4032097588&perks=839105230,106909392,3038247973,831391274
dimwishlist:item=4032097588&perks=839105230,106909392,3038247973,960997401
dimwishlist:item=4032097588&perks=839105230,106909392,3038247973,657025441
dimwishlist:item=4032097588&perks=839105230,106909392,3038247973,2848615171
dimwishlist:item=4032097588&perks=839105230,106909392,3523296417,831391274
dimwishlist:item=4032097588&perks=839105230,106909392,3523296417,960997401
dimwishlist:item=4032097588&perks=839105230,106909392,3523296417,657025441
dimwishlist:item=4032097588&perks=839105230,106909392,3523296417,2848615171
dimwishlist:item=4032097588&perks=839105230,3230963543,3038247973,831391274
dimwishlist:item=4032097588&perks=839105230,3230963543,3038247973,960997401
dimwishlist:item=4032097588&perks=839105230,3230963543,3038247973,657025441
dimwishlist:item=4032097588&perks=839105230,3230963543,3038247973,2848615171
dimwishlist:item=4032097588&perks=839105230,3230963543,3523296417,831391274
dimwishlist:item=4032097588&perks=839105230,3230963543,3523296417,960997401
dimwishlist:item=4032097588&perks=839105230,3230963543,3523296417,657025441
dimwishlist:item=4032097588&perks=839105230,3230963543,3523296417,2848615171
dimwishlist:item=4032097588&perks=1840239774,106909392,3038247973,831391274
dimwishlist:item=4032097588&perks=1840239774,106909392,3038247973,960997401
dimwishlist:item=4032097588&perks=1840239774,106909392,3038247973,657025441
dimwishlist:item=4032097588&perks=1840239774,106909392,3038247973,2848615171
dimwishlist:item=4032097588&perks=1840239774,106909392,3523296417,831391274
dimwishlist:item=4032097588&perks=1840239774,106909392,3523296417,960997401
dimwishlist:item=4032097588&perks=1840239774,106909392,3523296417,657025441
dimwishlist:item=4032097588&perks=1840239774,106909392,3523296417,2848615171
dimwishlist:item=4032097588&perks=1840239774,3230963543,3038247973,831391274
dimwishlist:item=4032097588&perks=1840239774,3230963543,3038247973,960997401
dimwishlist:item=4032097588&perks=1840239774,3230963543,3038247973,657025441
dimwishlist:item=4032097588&perks=1840239774,3230963543,3038247973,2848615171
dimwishlist:item=4032097588&perks=1840239774,3230963543,3523296417,831391274
dimwishlist:item=4032097588&perks=1840239774,3230963543,3523296417,960997401
dimwishlist:item=4032097588&perks=1840239774,3230963543,3523296417,657025441
dimwishlist:item=4032097588&perks=1840239774,3230963543,3523296417,2848615171
dimwishlist:item=4032097588&perks=4090651448,106909392,3038247973,831391274
dimwishlist:item=4032097588&perks=4090651448,106909392,3038247973,960997401
dimwishlist:item=4032097588&perks=4090651448,106909392,3038247973,657025441
dimwishlist:item=4032097588&perks=4090651448,106909392,3038247973,2848615171
dimwishlist:item=4032097588&perks=4090651448,106909392,3523296417,831391274
dimwishlist:item=4032097588&perks=4090651448,106909392,3523296417,960997401
dimwishlist:item=4032097588&perks=4090651448,106909392,3523296417,657025441
dimwishlist:item=4032097588&perks=4090651448,106909392,3523296417,2848615171
dimwishlist:item=4032097588&perks=4090651448,3230963543,3038247973,831391274
dimwishlist:item=4032097588&perks=4090651448,3230963543,3038247973,960997401
dimwishlist:item=4032097588&perks=4090651448,3230963543,3038247973,657025441
dimwishlist:item=4032097588&perks=4090651448,3230963543,3038247973,2848615171
dimwishlist:item=4032097588&perks=4090651448,3230963543,3523296417,831391274
dimwishlist:item=4032097588&perks=4090651448,3230963543,3523296417,960997401
dimwishlist:item=4032097588&perks=4090651448,3230963543,3523296417,657025441
dimwishlist:item=4032097588&perks=4090651448,3230963543,3523296417,2848615171


// Sixth Sense - 第六感 (pve)
//notes: 第六感,这把枪的PERTK偏PVP，下面是PVE的perk。 tags:pve
dimwishlist:item=4032097589&perks=839105230,106909392,3038247973,831391274
dimwishlist:item=4032097589&perks=839105230,106909392,3038247973,960997401
dimwishlist:item=4032097589&perks=839105230,106909392,3038247973,657025441
dimwishlist:item=4032097589&perks=839105230,106909392,3038247973,2848615171
dimwishlist:item=4032097589&perks=839105230,106909392,3523296417,831391274
dimwishlist:item=4032097589&perks=839105230,106909392,3523296417,960997401
dimwishlist:item=4032097589&perks=839105230,106909392,3523296417,657025441
dimwishlist:item=4032097589&perks=839105230,106909392,3523296417,2848615171
dimwishlist:item=4032097589&perks=839105230,3230963543,3038247973,831391274
dimwishlist:item=4032097589&perks=839105230,3230963543,3038247973,960997401
dimwishlist:item=4032097589&perks=839105230,3230963543,3038247973,657025441
dimwishlist:item=4032097589&perks=839105230,3230963543,3038247973,2848615171
dimwishlist:item=4032097589&perks=839105230,3230963543,3523296417,831391274
dimwishlist:item=4032097589&perks=839105230,3230963543,3523296417,960997401
dimwishlist:item=4032097589&perks=839105230,3230963543,3523296417,657025441
dimwishlist:item=4032097589&perks=839105230,3230963543,3523296417,2848615171
dimwishlist:item=4032097589&perks=1840239774,106909392,3038247973,831391274
dimwishlist:item=4032097589&perks=1840239774,106909392,3038247973,960997401
dimwishlist:item=4032097589&perks=1840239774,106909392,3038247973,657025441
dimwishlist:item=4032097589&perks=1840239774,106909392,3038247973,2848615171
dimwishlist:item=4032097589&perks=1840239774,106909392,3523296417,831391274
dimwishlist:item=4032097589&perks=1840239774,106909392,3523296417,960997401
dimwishlist:item=4032097589&perks=1840239774,106909392,3523296417,657025441
dimwishlist:item=4032097589&perks=1840239774,106909392,3523296417,2848615171
dimwishlist:item=4032097589&perks=1840239774,3230963543,3038247973,831391274
dimwishlist:item=4032097589&perks=1840239774,3230963543,3038247973,960997401
dimwishlist:item=4032097589&perks=1840239774,3230963543,3038247973,657025441
dimwishlist:item=4032097589&perks=1840239774,3230963543,3038247973,2848615171
dimwishlist:item=4032097589&perks=1840239774,3230963543,3523296417,831391274
dimwishlist:item=4032097589&perks=1840239774,3230963543,3523296417,960997401
dimwishlist:item=4032097589&perks=1840239774,3230963543,3523296417,657025441
dimwishlist:item=4032097589&perks=1840239774,3230963543,3523296417,2848615171
dimwishlist:item=4032097589&perks=4090651448,106909392,3038247973,831391274
dimwishlist:item=4032097589&perks=4090651448,106909392,3038247973,960997401
dimwishlist:item=4032097589&perks=4090651448,106909392,3038247973,657025441
dimwishlist:item=4032097589&perks=4090651448,106909392,3038247973,2848615171
dimwishlist:item=4032097589&perks=4090651448,106909392,3523296417,831391274
dimwishlist:item=4032097589&perks=4090651448,106909392,3523296417,960997401
dimwishlist:item=4032097589&perks=4090651448,106909392,3523296417,657025441
dimwishlist:item=4032097589&perks=4090651448,106909392,3523296417,2848615171
dimwishlist:item=4032097589&perks=4090651448,3230963543,3038247973,831391274
dimwishlist:item=4032097589&perks=4090651448,3230963543,3038247973,960997401
dimwishlist:item=4032097589&perks=4090651448,3230963543,3038247973,657025441
dimwishlist:item=4032097589&perks=4090651448,3230963543,3038247973,2848615171
dimwishlist:item=4032097589&perks=4090651448,3230963543,3523296417,831391274
dimwishlist:item=4032097589&perks=4090651448,3230963543,3523296417,960997401
dimwishlist:item=4032097589&perks=4090651448,3230963543,3523296417,657025441
dimwishlist:item=4032097589&perks=4090651448,3230963543,3523296417,2848615171


// Sixth Sense - 第六感 (pve)
//notes: 第六感,这把枪的PERTK偏PVP，下面是PVE的perk。 tags:pve
dimwishlist:item=4032097590&perks=839105230,106909392,3038247973,831391274
dimwishlist:item=4032097590&perks=839105230,106909392,3038247973,960997401
dimwishlist:item=4032097590&perks=839105230,106909392,3038247973,657025441
dimwishlist:item=4032097590&perks=839105230,106909392,3038247973,2848615171
dimwishlist:item=4032097590&perks=839105230,106909392,3523296417,831391274
dimwishlist:item=4032097590&perks=839105230,106909392,3523296417,960997401
dimwishlist:item=4032097590&perks=839105230,106909392,3523296417,657025441
dimwishlist:item=4032097590&perks=839105230,106909392,3523296417,2848615171
dimwishlist:item=4032097590&perks=839105230,3230963543,3038247973,831391274
dimwishlist:item=4032097590&perks=839105230,3230963543,3038247973,960997401
dimwishlist:item=4032097590&perks=839105230,3230963543,3038247973,657025441
dimwishlist:item=4032097590&perks=839105230,3230963543,3038247973,2848615171
dimwishlist:item=4032097590&perks=839105230,3230963543,3523296417,831391274
dimwishlist:item=4032097590&perks=839105230,3230963543,3523296417,960997401
dimwishlist:item=4032097590&perks=839105230,3230963543,3523296417,657025441
dimwishlist:item=4032097590&perks=839105230,3230963543,3523296417,2848615171
dimwishlist:item=4032097590&perks=1840239774,106909392,3038247973,831391274
dimwishlist:item=4032097590&perks=1840239774,106909392,3038247973,960997401
dimwishlist:item=4032097590&perks=1840239774,106909392,3038247973,657025441
dimwishlist:item=4032097590&perks=1840239774,106909392,3038247973,2848615171
dimwishlist:item=4032097590&perks=1840239774,106909392,3523296417,831391274
dimwishlist:item=4032097590&perks=1840239774,106909392,3523296417,960997401
dimwishlist:item=4032097590&perks=1840239774,106909392,3523296417,657025441
dimwishlist:item=4032097590&perks=1840239774,106909392,3523296417,2848615171
dimwishlist:item=4032097590&perks=1840239774,3230963543,3038247973,831391274
dimwishlist:item=4032097590&perks=1840239774,3230963543,3038247973,960997401
dimwishlist:item=4032097590&perks=1840239774,3230963543,3038247973,657025441
dimwishlist:item=4032097590&perks=1840239774,3230963543,3038247973,2848615171
dimwishlist:item=4032097590&perks=1840239774,3230963543,3523296417,831391274
dimwishlist:item=4032097590&perks=1840239774,3230963543,3523296417,960997401
dimwishlist:item=4032097590&perks=1840239774,3230963543,3523296417,657025441
dimwishlist:item=4032097590&perks=1840239774,3230963543,3523296417,2848615171
dimwishlist:item=4032097590&perks=4090651448,106909392,3038247973,831391274
dimwishlist:item=4032097590&perks=4090651448,106909392,3038247973,960997401
dimwishlist:item=4032097590&perks=4090651448,106909392,3038247973,657025441
dimwishlist:item=4032097590&perks=4090651448,106909392,3038247973,2848615171
dimwishlist:item=4032097590&perks=4090651448,106909392,3523296417,831391274
dimwishlist:item=4032097590&perks=4090651448,106909392,3523296417,960997401
dimwishlist:item=4032097590&perks=4090651448,106909392,3523296417,657025441
dimwishlist:item=4032097590&perks=4090651448,106909392,3523296417,2848615171
dimwishlist:item=4032097590&perks=4090651448,3230963543,3038247973,831391274
dimwishlist:item=4032097590&perks=4090651448,3230963543,3038247973,960997401
dimwishlist:item=4032097590&perks=4090651448,3230963543,3038247973,657025441
dimwishlist:item=4032097590&perks=4090651448,3230963543,3038247973,2848615171
dimwishlist:item=4032097590&perks=4090651448,3230963543,3523296417,831391274
dimwishlist:item=4032097590&perks=4090651448,3230963543,3523296417,960997401
dimwishlist:item=4032097590&perks=4090651448,3230963543,3523296417,657025441
dimwishlist:item=4032097590&perks=4090651448,3230963543,3523296417,2848615171


// Sixth Sense - 第六感 (pve)
//notes: 第六感,这把枪的PERTK偏PVP，下面是PVE的perk。 tags:pve
dimwishlist:item=4032097591&perks=839105230,106909392,3038247973,831391274
dimwishlist:item=4032097591&perks=839105230,106909392,3038247973,960997401
dimwishlist:item=4032097591&perks=839105230,106909392,3038247973,657025441
dimwishlist:item=4032097591&perks=839105230,106909392,3038247973,2848615171
dimwishlist:item=4032097591&perks=839105230,106909392,3523296417,831391274
dimwishlist:item=4032097591&perks=839105230,106909392,3523296417,960997401
dimwishlist:item=4032097591&perks=839105230,106909392,3523296417,657025441
dimwishlist:item=4032097591&perks=839105230,106909392,3523296417,2848615171
dimwishlist:item=4032097591&perks=839105230,3230963543,3038247973,831391274
dimwishlist:item=4032097591&perks=839105230,3230963543,3038247973,960997401
dimwishlist:item=4032097591&perks=839105230,3230963543,3038247973,657025441
dimwishlist:item=4032097591&perks=839105230,3230963543,3038247973,2848615171
dimwishlist:item=4032097591&perks=839105230,3230963543,3523296417,831391274
dimwishlist:item=4032097591&perks=839105230,3230963543,3523296417,960997401
dimwishlist:item=4032097591&perks=839105230,3230963543,3523296417,657025441
dimwishlist:item=4032097591&perks=839105230,3230963543,3523296417,2848615171
dimwishlist:item=4032097591&perks=1840239774,106909392,3038247973,831391274
dimwishlist:item=4032097591&perks=1840239774,106909392,3038247973,960997401
dimwishlist:item=4032097591&perks=1840239774,106909392,3038247973,657025441
dimwishlist:item=4032097591&perks=1840239774,106909392,3038247973,2848615171
dimwishlist:item=4032097591&perks=1840239774,106909392,3523296417,831391274
dimwishlist:item=4032097591&perks=1840239774,106909392,3523296417,960997401
dimwishlist:item=4032097591&perks=1840239774,106909392,3523296417,657025441
dimwishlist:item=4032097591&perks=1840239774,106909392,3523296417,2848615171
dimwishlist:item=4032097591&perks=1840239774,3230963543,3038247973,831391274
dimwishlist:item=4032097591&perks=1840239774,3230963543,3038247973,960997401
dimwishlist:item=4032097591&perks=1840239774,3230963543,3038247973,657025441
dimwishlist:item=4032097591&perks=1840239774,3230963543,3038247973,2848615171
dimwishlist:item=4032097591&perks=1840239774,3230963543,3523296417,831391274
dimwishlist:item=4032097591&perks=1840239774,3230963543,3523296417,960997401
dimwishlist:item=4032097591&perks=1840239774,3230963543,3523296417,657025441
dimwishlist:item=4032097591&perks=1840239774,3230963543,3523296417,2848615171
dimwishlist:item=4032097591&perks=4090651448,106909392,3038247973,831391274
dimwishlist:item=4032097591&perks=4090651448,106909392,3038247973,960997401
dimwishlist:item=4032097591&perks=4090651448,106909392,3038247973,657025441
dimwishlist:item=4032097591&perks=4090651448,106909392,3038247973,2848615171
dimwishlist:item=4032097591&perks=4090651448,106909392,3523296417,831391274
dimwishlist:item=4032097591&perks=4090651448,106909392,3523296417,960997401
dimwishlist:item=4032097591&perks=4090651448,106909392,3523296417,657025441
dimwishlist:item=4032097591&perks=4090651448,106909392,3523296417,2848615171
dimwishlist:item=4032097591&perks=4090651448,3230963543,3038247973,831391274
dimwishlist:item=4032097591&perks=4090651448,3230963543,3038247973,960997401
dimwishlist:item=4032097591&perks=4090651448,3230963543,3038247973,657025441
dimwishlist:item=4032097591&perks=4090651448,3230963543,3038247973,2848615171
dimwishlist:item=4032097591&perks=4090651448,3230963543,3523296417,831391274
dimwishlist:item=4032097591&perks=4090651448,3230963543,3523296417,960997401
dimwishlist:item=4032097591&perks=4090651448,3230963543,3523296417,657025441
dimwishlist:item=4032097591&perks=4090651448,3230963543,3523296417,2848615171


// Gizmo Weft - 机巧纬线 (pve)
//notes: Gizmo Weft。perk池比山巅更适合火箭跳，弹匣更多，三切输出也能用。空扳+双脚架（+粘弹）超级跳/工具枪用，嫉妒三切输出。 tags:pve
dimwishlist:item=4069880346&perks=1478423395,3301904089,3987942396,3078487919
dimwishlist:item=4069880346&perks=1478423395,3301904089,3987942396,1439600632
dimwishlist:item=4069880346&perks=1478423395,3301904089,3987942396,3764420437
dimwishlist:item=4069880346&perks=1478423395,3301904089,3987942396,1089671869
dimwishlist:item=4069880346&perks=1478423395,3301904089,1421772400,3078487919
dimwishlist:item=4069880346&perks=1478423395,3301904089,1421772400,1439600632
dimwishlist:item=4069880346&perks=1478423395,3301904089,1421772400,3764420437
dimwishlist:item=4069880346&perks=1478423395,3301904089,1421772400,1089671869
dimwishlist:item=4069880346&perks=1478423395,2822142346,3987942396,3078487919
dimwishlist:item=4069880346&perks=1478423395,2822142346,3987942396,1439600632
dimwishlist:item=4069880346&perks=1478423395,2822142346,3987942396,3764420437
dimwishlist:item=4069880346&perks=1478423395,2822142346,3987942396,1089671869
dimwishlist:item=4069880346&perks=1478423395,2822142346,1421772400,3078487919
dimwishlist:item=4069880346&perks=1478423395,2822142346,1421772400,1439600632
dimwishlist:item=4069880346&perks=1478423395,2822142346,1421772400,3764420437
dimwishlist:item=4069880346&perks=1478423395,2822142346,1421772400,1089671869
dimwishlist:item=4069880346&perks=1478423395,3373736292,3987942396,3078487919
dimwishlist:item=4069880346&perks=1478423395,3373736292,3987942396,1439600632
dimwishlist:item=4069880346&perks=1478423395,3373736292,3987942396,3764420437
dimwishlist:item=4069880346&perks=1478423395,3373736292,3987942396,1089671869
dimwishlist:item=4069880346&perks=1478423395,3373736292,1421772400,3078487919
dimwishlist:item=4069880346&perks=1478423395,3373736292,1421772400,1439600632
dimwishlist:item=4069880346&perks=1478423395,3373736292,1421772400,3764420437
dimwishlist:item=4069880346&perks=1478423395,3373736292,1421772400,1089671869
dimwishlist:item=4069880346&perks=1478423395,3492396210,3987942396,3078487919
dimwishlist:item=4069880346&perks=1478423395,3492396210,3987942396,1439600632
dimwishlist:item=4069880346&perks=1478423395,3492396210,3987942396,3764420437
dimwishlist:item=4069880346&perks=1478423395,3492396210,3987942396,1089671869
dimwishlist:item=4069880346&perks=1478423395,3492396210,1421772400,3078487919
dimwishlist:item=4069880346&perks=1478423395,3492396210,1421772400,1439600632
dimwishlist:item=4069880346&perks=1478423395,3492396210,1421772400,3764420437
dimwishlist:item=4069880346&perks=1478423395,3492396210,1421772400,1089671869
dimwishlist:item=4069880346&perks=981914802,3301904089,3987942396,3078487919
dimwishlist:item=4069880346&perks=981914802,3301904089,3987942396,1439600632
dimwishlist:item=4069880346&perks=981914802,3301904089,3987942396,3764420437
dimwishlist:item=4069880346&perks=981914802,3301904089,3987942396,1089671869
dimwishlist:item=4069880346&perks=981914802,3301904089,1421772400,3078487919
dimwishlist:item=4069880346&perks=981914802,3301904089,1421772400,1439600632
dimwishlist:item=4069880346&perks=981914802,3301904089,1421772400,3764420437
dimwishlist:item=4069880346&perks=981914802,3301904089,1421772400,1089671869
dimwishlist:item=4069880346&perks=981914802,2822142346,3987942396,3078487919
dimwishlist:item=4069880346&perks=981914802,2822142346,3987942396,1439600632
dimwishlist:item=4069880346&perks=981914802,2822142346,3987942396,3764420437
dimwishlist:item=4069880346&perks=981914802,2822142346,3987942396,1089671869
dimwishlist:item=4069880346&perks=981914802,2822142346,1421772400,3078487919
dimwishlist:item=4069880346&perks=981914802,2822142346,1421772400,1439600632
dimwishlist:item=4069880346&perks=981914802,2822142346,1421772400,3764420437
dimwishlist:item=4069880346&perks=981914802,2822142346,1421772400,1089671869
dimwishlist:item=4069880346&perks=981914802,3373736292,3987942396,3078487919
dimwishlist:item=4069880346&perks=981914802,3373736292,3987942396,1439600632
dimwishlist:item=4069880346&perks=981914802,3373736292,3987942396,3764420437
dimwishlist:item=4069880346&perks=981914802,3373736292,3987942396,1089671869
dimwishlist:item=4069880346&perks=981914802,3373736292,1421772400,3078487919
dimwishlist:item=4069880346&perks=981914802,3373736292,1421772400,1439600632
dimwishlist:item=4069880346&perks=981914802,3373736292,1421772400,3764420437
dimwishlist:item=4069880346&perks=981914802,3373736292,1421772400,1089671869
dimwishlist:item=4069880346&perks=981914802,3492396210,3987942396,3078487919
dimwishlist:item=4069880346&perks=981914802,3492396210,3987942396,1439600632
dimwishlist:item=4069880346&perks=981914802,3492396210,3987942396,3764420437
dimwishlist:item=4069880346&perks=981914802,3492396210,3987942396,1089671869
dimwishlist:item=4069880346&perks=981914802,3492396210,1421772400,3078487919
dimwishlist:item=4069880346&perks=981914802,3492396210,1421772400,1439600632
dimwishlist:item=4069880346&perks=981914802,3492396210,1421772400,3764420437
dimwishlist:item=4069880346&perks=981914802,3492396210,1421772400,1089671869
dimwishlist:item=4069880346&perks=1441682018,3301904089,3987942396,3078487919
dimwishlist:item=4069880346&perks=1441682018,3301904089,3987942396,1439600632
dimwishlist:item=4069880346&perks=1441682018,3301904089,3987942396,3764420437
dimwishlist:item=4069880346&perks=1441682018,3301904089,3987942396,1089671869
dimwishlist:item=4069880346&perks=1441682018,3301904089,1421772400,3078487919
dimwishlist:item=4069880346&perks=1441682018,3301904089,1421772400,1439600632
dimwishlist:item=4069880346&perks=1441682018,3301904089,1421772400,3764420437
dimwishlist:item=4069880346&perks=1441682018,3301904089,1421772400,1089671869
dimwishlist:item=4069880346&perks=1441682018,2822142346,3987942396,3078487919
dimwishlist:item=4069880346&perks=1441682018,2822142346,3987942396,1439600632
dimwishlist:item=4069880346&perks=1441682018,2822142346,3987942396,3764420437
dimwishlist:item=4069880346&perks=1441682018,2822142346,3987942396,1089671869
dimwishlist:item=4069880346&perks=1441682018,2822142346,1421772400,3078487919
dimwishlist:item=4069880346&perks=1441682018,2822142346,1421772400,1439600632
dimwishlist:item=4069880346&perks=1441682018,2822142346,1421772400,3764420437
dimwishlist:item=4069880346&perks=1441682018,2822142346,1421772400,1089671869
dimwishlist:item=4069880346&perks=1441682018,3373736292,3987942396,3078487919
dimwishlist:item=4069880346&perks=1441682018,3373736292,3987942396,1439600632
dimwishlist:item=4069880346&perks=1441682018,3373736292,3987942396,3764420437
dimwishlist:item=4069880346&perks=1441682018,3373736292,3987942396,1089671869
dimwishlist:item=4069880346&perks=1441682018,3373736292,1421772400,3078487919
dimwishlist:item=4069880346&perks=1441682018,3373736292,1421772400,1439600632
dimwishlist:item=4069880346&perks=1441682018,3373736292,1421772400,3764420437
dimwishlist:item=4069880346&perks=1441682018,3373736292,1421772400,1089671869
dimwishlist:item=4069880346&perks=1441682018,3492396210,3987942396,3078487919
dimwishlist:item=4069880346&perks=1441682018,3492396210,3987942396,1439600632
dimwishlist:item=4069880346&perks=1441682018,3492396210,3987942396,3764420437
dimwishlist:item=4069880346&perks=1441682018,3492396210,3987942396,1089671869
dimwishlist:item=4069880346&perks=1441682018,3492396210,1421772400,3078487919
dimwishlist:item=4069880346&perks=1441682018,3492396210,1421772400,1439600632
dimwishlist:item=4069880346&perks=1441682018,3492396210,1421772400,3764420437
dimwishlist:item=4069880346&perks=1441682018,3492396210,1421772400,1089671869
dimwishlist:item=4069880346&perks=3525010810,3301904089,3987942396,3078487919
dimwishlist:item=4069880346&perks=3525010810,3301904089,3987942396,1439600632
dimwishlist:item=4069880346&perks=3525010810,3301904089,3987942396,3764420437
dimwishlist:item=4069880346&perks=3525010810,3301904089,3987942396,1089671869
dimwishlist:item=4069880346&perks=3525010810,3301904089,1421772400,3078487919
dimwishlist:item=4069880346&perks=3525010810,3301904089,1421772400,1439600632
dimwishlist:item=4069880346&perks=3525010810,3301904089,1421772400,3764420437
dimwishlist:item=4069880346&perks=3525010810,3301904089,1421772400,1089671869
dimwishlist:item=4069880346&perks=3525010810,2822142346,3987942396,3078487919
dimwishlist:item=4069880346&perks=3525010810,2822142346,3987942396,1439600632
dimwishlist:item=4069880346&perks=3525010810,2822142346,3987942396,3764420437
dimwishlist:item=4069880346&perks=3525010810,2822142346,3987942396,1089671869
dimwishlist:item=4069880346&perks=3525010810,2822142346,1421772400,3078487919
dimwishlist:item=4069880346&perks=3525010810,2822142346,1421772400,1439600632
dimwishlist:item=4069880346&perks=3525010810,2822142346,1421772400,3764420437
dimwishlist:item=4069880346&perks=3525010810,2822142346,1421772400,1089671869
dimwishlist:item=4069880346&perks=3525010810,3373736292,3987942396,3078487919
dimwishlist:item=4069880346&perks=3525010810,3373736292,3987942396,1439600632
dimwishlist:item=4069880346&perks=3525010810,3373736292,3987942396,3764420437
dimwishlist:item=4069880346&perks=3525010810,3373736292,3987942396,1089671869
dimwishlist:item=4069880346&perks=3525010810,3373736292,1421772400,3078487919
dimwishlist:item=4069880346&perks=3525010810,3373736292,1421772400,1439600632
dimwishlist:item=4069880346&perks=3525010810,3373736292,1421772400,3764420437
dimwishlist:item=4069880346&perks=3525010810,3373736292,1421772400,1089671869
dimwishlist:item=4069880346&perks=3525010810,3492396210,3987942396,3078487919
dimwishlist:item=4069880346&perks=3525010810,3492396210,3987942396,1439600632
dimwishlist:item=4069880346&perks=3525010810,3492396210,3987942396,3764420437
dimwishlist:item=4069880346&perks=3525010810,3492396210,3987942396,1089671869
dimwishlist:item=4069880346&perks=3525010810,3492396210,1421772400,3078487919
dimwishlist:item=4069880346&perks=3525010810,3492396210,1421772400,1439600632
dimwishlist:item=4069880346&perks=3525010810,3492396210,1421772400,3764420437
dimwishlist:item=4069880346&perks=3525010810,3492396210,1421772400,1089671869
dimwishlist:item=4069880346&perks=3798852852,3301904089,3987942396,3078487919
dimwishlist:item=4069880346&perks=3798852852,3301904089,3987942396,1439600632
dimwishlist:item=4069880346&perks=3798852852,3301904089,3987942396,3764420437
dimwishlist:item=4069880346&perks=3798852852,3301904089,3987942396,1089671869
dimwishlist:item=4069880346&perks=3798852852,3301904089,1421772400,3078487919
dimwishlist:item=4069880346&perks=3798852852,3301904089,1421772400,1439600632
dimwishlist:item=4069880346&perks=3798852852,3301904089,1421772400,3764420437
dimwishlist:item=4069880346&perks=3798852852,3301904089,1421772400,1089671869
dimwishlist:item=4069880346&perks=3798852852,2822142346,3987942396,3078487919
dimwishlist:item=4069880346&perks=3798852852,2822142346,3987942396,1439600632
dimwishlist:item=4069880346&perks=3798852852,2822142346,3987942396,3764420437
dimwishlist:item=4069880346&perks=3798852852,2822142346,3987942396,1089671869
dimwishlist:item=4069880346&perks=3798852852,2822142346,1421772400,3078487919
dimwishlist:item=4069880346&perks=3798852852,2822142346,1421772400,1439600632
dimwishlist:item=4069880346&perks=3798852852,2822142346,1421772400,3764420437
dimwishlist:item=4069880346&perks=3798852852,2822142346,1421772400,1089671869
dimwishlist:item=4069880346&perks=3798852852,3373736292,3987942396,3078487919
dimwishlist:item=4069880346&perks=3798852852,3373736292,3987942396,1439600632
dimwishlist:item=4069880346&perks=3798852852,3373736292,3987942396,3764420437
dimwishlist:item=4069880346&perks=3798852852,3373736292,3987942396,1089671869
dimwishlist:item=4069880346&perks=3798852852,3373736292,1421772400,3078487919
dimwishlist:item=4069880346&perks=3798852852,3373736292,1421772400,1439600632
dimwishlist:item=4069880346&perks=3798852852,3373736292,1421772400,3764420437
dimwishlist:item=4069880346&perks=3798852852,3373736292,1421772400,1089671869
dimwishlist:item=4069880346&perks=3798852852,3492396210,3987942396,3078487919
dimwishlist:item=4069880346&perks=3798852852,3492396210,3987942396,1439600632
dimwishlist:item=4069880346&perks=3798852852,3492396210,3987942396,3764420437
dimwishlist:item=4069880346&perks=3798852852,3492396210,3987942396,1089671869
dimwishlist:item=4069880346&perks=3798852852,3492396210,1421772400,3078487919
dimwishlist:item=4069880346&perks=3798852852,3492396210,1421772400,1439600632
dimwishlist:item=4069880346&perks=3798852852,3492396210,1421772400,3764420437
dimwishlist:item=4069880346&perks=3798852852,3492396210,1421772400,1089671869


